,Date,Open,High,Low,Close,Volume,Index
0,2019-09-03,2909.010009765625,2914.389892578125,2891.85009765625,2906.27001953125,3426790000,S&P 500
1,2019-09-04,2924.669921875,2938.840087890625,2921.860107421875,2937.780029296875,3163260000,S&P 500
2,2019-09-05,2960.60009765625,2985.860107421875,2960.60009765625,2976.0,3890700000,S&P 500
3,2019-09-06,2980.330078125,2985.030029296875,2972.510009765625,2978.7099609375,3208280000,S&P 500
4,2019-09-09,2988.429931640625,2989.429931640625,2969.389892578125,2978.429931640625,4002890000,S&P 500
5,2019-09-10,2971.010009765625,2979.389892578125,2957.010009765625,2979.389892578125,4390770000,S&P 500
6,2019-09-11,2981.409912109375,3000.929931640625,2975.31005859375,3000.929931640625,3927550000,S&P 500
7,2019-09-12,3009.080078125,3020.739990234375,3000.919921875,3009.570068359375,3791860000,S&P 500
8,2019-09-13,3012.2099609375,3017.330078125,3002.89990234375,3007.389892578125,3520060000,S&P 500
9,2019-09-16,2996.409912109375,3002.18994140625,2990.669921875,2997.9599609375,4274640000,S&P 500
10,2019-09-17,2995.669921875,3006.2099609375,2993.72998046875,3005.699951171875,3671840000,S&P 500
11,2019-09-18,3001.5,3007.830078125,2978.570068359375,3006.72998046875,3435540000,S&P 500
12,2019-09-19,3010.360107421875,3021.989990234375,3003.159912109375,3006.7900390625,3251290000,S&P 500
13,2019-09-20,3008.419921875,3016.3701171875,2984.679931640625,2992.070068359375,6094740000,S&P 500
14,2019-09-23,2983.5,2999.14990234375,2982.22998046875,2991.780029296875,3186590000,S&P 500
15,2019-09-24,3002.429931640625,3007.97998046875,2957.72998046875,2966.60009765625,3868160000,S&P 500
16,2019-09-25,2968.35009765625,2989.820068359375,2952.860107421875,2984.8701171875,3318870000,S&P 500
17,2019-09-26,2985.72998046875,2987.280029296875,2963.7099609375,2977.6201171875,3077240000,S&P 500
18,2019-09-27,2985.469970703125,2987.31005859375,2945.530029296875,2961.7900390625,3243650000,S&P 500
19,2019-09-30,2967.070068359375,2983.85009765625,2967.070068359375,2976.739990234375,3247610000,S&P 500
20,2019-10-01,2983.68994140625,2992.530029296875,2938.699951171875,2940.25,3558040000,S&P 500
21,2019-10-02,2924.780029296875,2924.780029296875,2874.929931640625,2887.610107421875,3912520000,S&P 500
22,2019-10-03,2885.3798828125,2911.1298828125,2855.93994140625,2910.6298828125,3503640000,S&P 500
23,2019-10-04,2918.56005859375,2953.739990234375,2918.56005859375,2952.010009765625,2990830000,S&P 500
24,2019-10-07,2944.22998046875,2959.75,2935.679931640625,2938.7900390625,2940140000,S&P 500
25,2019-10-08,2920.39990234375,2925.469970703125,2892.659912109375,2893.06005859375,3356450000,S&P 500
26,2019-10-09,2911.10009765625,2929.320068359375,2907.409912109375,2919.39990234375,2726820000,S&P 500
27,2019-10-10,2918.550048828125,2948.4599609375,2917.1201171875,2938.1298828125,3217250000,S&P 500
28,2019-10-11,2963.070068359375,2993.280029296875,2963.070068359375,2970.27001953125,3580460000,S&P 500
29,2019-10-14,2965.81005859375,2972.840087890625,2962.93994140625,2966.14990234375,2557020000,S&P 500
30,2019-10-15,2973.610107421875,3003.280029296875,2973.610107421875,2995.679931640625,3340740000,S&P 500
31,2019-10-16,2989.679931640625,2997.5400390625,2985.199951171875,2989.68994140625,3222570000,S&P 500
32,2019-10-17,3000.77001953125,3008.2900390625,2991.7900390625,2997.949951171875,3115960000,S&P 500
33,2019-10-18,2996.840087890625,3000.0,2976.31005859375,2986.199951171875,3264290000,S&P 500
34,2019-10-21,2996.47998046875,3007.330078125,2995.35009765625,3006.719970703125,3271620000,S&P 500
35,2019-10-22,3010.72998046875,3014.570068359375,2995.0400390625,2995.989990234375,3523890000,S&P 500
36,2019-10-23,2994.010009765625,3004.780029296875,2991.2099609375,3004.52001953125,3392870000,S&P 500
37,2019-10-24,3014.780029296875,3016.070068359375,3000.419921875,3010.2900390625,3692600000,S&P 500
38,2019-10-25,3003.320068359375,3027.389892578125,3001.93994140625,3022.550048828125,3370370000,S&P 500
39,2019-10-28,3032.1201171875,3044.080078125,3032.1201171875,3039.419921875,3521230000,S&P 500
40,2019-10-29,3035.389892578125,3047.8701171875,3034.81005859375,3036.889892578125,3589930000,S&P 500
41,2019-10-30,3039.739990234375,3050.10009765625,3025.9599609375,3046.77001953125,3776030000,S&P 500
42,2019-10-31,3046.89990234375,3046.89990234375,3023.18994140625,3037.56005859375,4139280000,S&P 500
43,2019-11-01,3050.719970703125,3066.949951171875,3050.719970703125,3066.909912109375,3930200000,S&P 500
44,2019-11-04,3078.9599609375,3085.199951171875,3074.8701171875,3078.27001953125,4146850000,S&P 500
45,2019-11-05,3080.800048828125,3083.949951171875,3072.14990234375,3074.6201171875,4486130000,S&P 500
46,2019-11-06,3075.10009765625,3078.340087890625,3065.889892578125,3076.780029296875,4458190000,S&P 500
47,2019-11-07,3087.02001953125,3097.77001953125,3080.22998046875,3085.179931640625,4144640000,S&P 500
48,2019-11-08,3081.25,3093.090087890625,3073.580078125,3093.080078125,3499150000,S&P 500
49,2019-11-11,3080.330078125,3088.330078125,3075.820068359375,3087.010009765625,3035530000,S&P 500
50,2019-11-12,3089.280029296875,3102.610107421875,3084.72998046875,3091.840087890625,3466010000,S&P 500
51,2019-11-13,3084.179931640625,3098.06005859375,3078.800048828125,3094.0400390625,3509280000,S&P 500
52,2019-11-14,3090.75,3098.199951171875,3083.260009765625,3096.6298828125,3276070000,S&P 500
53,2019-11-15,3107.919921875,3120.4599609375,3104.60009765625,3120.4599609375,3335650000,S&P 500
54,2019-11-18,3117.909912109375,3124.169921875,3112.06005859375,3122.030029296875,3436690000,S&P 500
55,2019-11-19,3127.449951171875,3127.639892578125,3113.469970703125,3120.179931640625,3590070000,S&P 500
56,2019-11-20,3114.659912109375,3118.969970703125,3091.409912109375,3108.4599609375,4034890000,S&P 500
57,2019-11-21,3108.489990234375,3110.110107421875,3094.550048828125,3103.5400390625,3720560000,S&P 500
58,2019-11-22,3111.409912109375,3112.8701171875,3099.260009765625,3110.2900390625,3226780000,S&P 500
59,2019-11-25,3117.43994140625,3133.830078125,3117.43994140625,3133.639892578125,3511530000,S&P 500
60,2019-11-26,3134.85009765625,3142.68994140625,3131.0,3140.52001953125,4595590000,S&P 500
61,2019-11-27,3145.489990234375,3154.260009765625,3143.409912109375,3153.6298828125,3033090000,S&P 500
62,2019-11-29,3147.179931640625,3150.300048828125,3139.340087890625,3140.97998046875,1743020000,S&P 500
63,2019-12-02,3143.85009765625,3144.31005859375,3110.780029296875,3113.8701171875,3268740000,S&P 500
64,2019-12-03,3087.409912109375,3094.969970703125,3070.330078125,3093.199951171875,3653390000,S&P 500
65,2019-12-04,3103.5,3119.3798828125,3102.530029296875,3112.760009765625,3695030000,S&P 500
66,2019-12-05,3119.2099609375,3119.449951171875,3103.760009765625,3117.429931640625,3355750000,S&P 500
67,2019-12-06,3134.6201171875,3150.60009765625,3134.6201171875,3145.909912109375,3479480000,S&P 500
68,2019-12-09,3141.860107421875,3148.8701171875,3135.4599609375,3135.9599609375,3345990000,S&P 500
69,2019-12-10,3135.360107421875,3142.1201171875,3126.090087890625,3132.52001953125,3343790000,S&P 500
70,2019-12-11,3135.75,3143.97998046875,3133.2099609375,3141.6298828125,3252540000,S&P 500
71,2019-12-12,3141.22998046875,3176.280029296875,3138.469970703125,3168.570068359375,3990690000,S&P 500
72,2019-12-13,3166.64990234375,3182.679931640625,3156.510009765625,3168.800048828125,3736870000,S&P 500
73,2019-12-16,3183.6298828125,3197.7099609375,3183.6298828125,3191.449951171875,4051790000,S&P 500
74,2019-12-17,3195.39990234375,3198.219970703125,3191.030029296875,3192.52001953125,3837540000,S&P 500
75,2019-12-18,3195.2099609375,3198.47998046875,3191.139892578125,3191.139892578125,4014080000,S&P 500
76,2019-12-19,3192.320068359375,3205.47998046875,3192.320068359375,3205.3701171875,3720450000,S&P 500
77,2019-12-20,3223.330078125,3225.64990234375,3216.030029296875,3221.219970703125,6454270000,S&P 500
78,2019-12-23,3226.050048828125,3227.780029296875,3222.300048828125,3224.010009765625,3060610000,S&P 500
79,2019-12-24,3225.449951171875,3226.429931640625,3220.510009765625,3223.3798828125,1296540000,S&P 500
80,2019-12-26,3227.199951171875,3240.080078125,3227.199951171875,3239.909912109375,2160680000,S&P 500
81,2019-12-27,3247.22998046875,3247.929931640625,3234.3701171875,3240.02001953125,2428670000,S&P 500
82,2019-12-30,3240.090087890625,3240.919921875,3216.570068359375,3221.2900390625,3013290000,S&P 500
83,2019-12-31,3215.179931640625,3231.719970703125,3212.030029296875,3230.780029296875,2893810000,S&P 500
84,2020-01-02,3244.669921875,3258.139892578125,3235.530029296875,3257.85009765625,3458250000,S&P 500
85,2020-01-03,3226.360107421875,3246.14990234375,3222.340087890625,3234.85009765625,3461290000,S&P 500
86,2020-01-06,3217.550048828125,3246.840087890625,3214.639892578125,3246.280029296875,3674070000,S&P 500
87,2020-01-07,3241.860107421875,3244.909912109375,3232.429931640625,3237.179931640625,3420380000,S&P 500
88,2020-01-08,3238.590087890625,3267.070068359375,3236.669921875,3253.050048828125,3720890000,S&P 500
89,2020-01-09,3266.030029296875,3275.580078125,3263.669921875,3274.699951171875,3638390000,S&P 500
90,2020-01-10,3281.81005859375,3282.989990234375,3260.860107421875,3265.35009765625,3212970000,S&P 500
91,2020-01-13,3271.1298828125,3288.1298828125,3268.429931640625,3288.1298828125,3456380000,S&P 500
92,2020-01-14,3285.35009765625,3294.25,3277.18994140625,3283.14990234375,3665130000,S&P 500
93,2020-01-15,3282.27001953125,3298.659912109375,3280.68994140625,3289.2900390625,3716840000,S&P 500
94,2020-01-16,3302.969970703125,3317.110107421875,3302.820068359375,3316.81005859375,3535080000,S&P 500
95,2020-01-17,3323.659912109375,3329.8798828125,3318.860107421875,3329.6201171875,3698170000,S&P 500
96,2020-01-21,3321.030029296875,3329.7900390625,3316.610107421875,3320.7900390625,4105340000,S&P 500
97,2020-01-22,3330.02001953125,3337.77001953125,3320.0400390625,3321.75,3619850000,S&P 500
98,2020-01-23,3315.77001953125,3326.8798828125,3301.8701171875,3325.5400390625,3764860000,S&P 500
99,2020-01-24,3333.10009765625,3333.179931640625,3281.530029296875,3295.469970703125,3707130000,S&P 500
100,2020-01-27,3247.159912109375,3258.85009765625,3234.5,3243.6298828125,3823100000,S&P 500
101,2020-01-28,3255.35009765625,3285.780029296875,3253.219970703125,3276.239990234375,3526720000,S&P 500
102,2020-01-29,3289.4599609375,3293.469970703125,3271.889892578125,3273.39990234375,3584500000,S&P 500
103,2020-01-30,3256.449951171875,3285.909912109375,3242.800048828125,3283.659912109375,3787250000,S&P 500
104,2020-01-31,3282.330078125,3282.330078125,3214.679931640625,3225.52001953125,4527830000,S&P 500
105,2020-02-03,3235.659912109375,3268.43994140625,3235.659912109375,3248.919921875,3757910000,S&P 500
106,2020-02-04,3280.610107421875,3306.919921875,3280.610107421875,3297.590087890625,3995320000,S&P 500
107,2020-02-05,3324.909912109375,3337.580078125,3313.75,3334.68994140625,4117730000,S&P 500
108,2020-02-06,3344.919921875,3347.9599609375,3334.389892578125,3345.780029296875,3868370000,S&P 500
109,2020-02-07,3335.5400390625,3341.419921875,3322.1201171875,3327.7099609375,3730650000,S&P 500
110,2020-02-10,3318.280029296875,3352.260009765625,3317.77001953125,3352.090087890625,3450350000,S&P 500
111,2020-02-11,3365.8701171875,3375.6298828125,3352.719970703125,3357.75,3760550000,S&P 500
112,2020-02-12,3370.5,3381.469970703125,3369.719970703125,3379.449951171875,3926380000,S&P 500
113,2020-02-13,3365.89990234375,3385.090087890625,3360.52001953125,3373.93994140625,3498240000,S&P 500
114,2020-02-14,3378.080078125,3380.68994140625,3366.14990234375,3380.159912109375,3398040000,S&P 500
115,2020-02-18,3369.0400390625,3375.010009765625,3355.610107421875,3370.2900390625,3746720000,S&P 500
116,2020-02-19,3380.389892578125,3393.52001953125,3378.830078125,3386.14990234375,3600150000,S&P 500
117,2020-02-20,3380.449951171875,3389.14990234375,3341.02001953125,3373.22998046875,4007320000,S&P 500
118,2020-02-21,3360.5,3360.760009765625,3328.449951171875,3337.75,3899270000,S&P 500
119,2020-02-24,3257.610107421875,3259.81005859375,3214.64990234375,3225.889892578125,4842960000,S&P 500
120,2020-02-25,3238.93994140625,3246.989990234375,3118.77001953125,3128.2099609375,5591510000,S&P 500
121,2020-02-26,3139.89990234375,3182.510009765625,3108.989990234375,3116.389892578125,5478110000,S&P 500
122,2020-02-27,3062.5400390625,3097.070068359375,2977.389892578125,2978.760009765625,7058840000,S&P 500
123,2020-02-28,2916.89990234375,2959.719970703125,2855.840087890625,2954.219970703125,8563850000,S&P 500
124,2020-03-02,2974.280029296875,3090.9599609375,2945.18994140625,3090.22998046875,6376400000,S&P 500
125,2020-03-03,3096.4599609375,3136.719970703125,2976.6298828125,3003.3701171875,6355940000,S&P 500
126,2020-03-04,3045.75,3130.969970703125,3034.3798828125,3130.1201171875,5035480000,S&P 500
127,2020-03-05,3075.699951171875,3083.0400390625,2999.830078125,3023.93994140625,5575550000,S&P 500
128,2020-03-06,2954.199951171875,2985.929931640625,2901.5400390625,2972.3701171875,6552140000,S&P 500
129,2020-03-09,2863.889892578125,2863.889892578125,2734.429931640625,2746.56005859375,8423050000,S&P 500
130,2020-03-10,2813.47998046875,2882.590087890625,2734.0,2882.22998046875,7635960000,S&P 500
131,2020-03-11,2825.60009765625,2825.60009765625,2707.219970703125,2741.3798828125,7374110000,S&P 500
132,2020-03-12,2630.860107421875,2660.949951171875,2478.860107421875,2480.639892578125,8829380000,S&P 500
133,2020-03-13,2569.989990234375,2711.330078125,2492.3701171875,2711.02001953125,8258670000,S&P 500
134,2020-03-16,2508.590087890625,2562.97998046875,2380.93994140625,2386.1298828125,7781540000,S&P 500
135,2020-03-17,2425.659912109375,2553.929931640625,2367.0400390625,2529.18994140625,8358500000,S&P 500
136,2020-03-18,2436.5,2453.570068359375,2280.52001953125,2398.10009765625,8755780000,S&P 500
137,2020-03-19,2393.47998046875,2466.969970703125,2319.780029296875,2409.389892578125,7946710000,S&P 500
138,2020-03-20,2431.93994140625,2453.010009765625,2295.56005859375,2304.919921875,9044690000,S&P 500
139,2020-03-23,2290.7099609375,2300.72998046875,2191.860107421875,2237.39990234375,7402180000,S&P 500
140,2020-03-24,2344.43994140625,2449.7099609375,2344.43994140625,2447.330078125,7547350000,S&P 500
141,2020-03-25,2457.77001953125,2571.419921875,2407.530029296875,2475.56005859375,8285670000,S&P 500
142,2020-03-26,2501.2900390625,2637.010009765625,2500.719970703125,2630.070068359375,7753160000,S&P 500
143,2020-03-27,2555.8701171875,2615.909912109375,2520.02001953125,2541.469970703125,6194330000,S&P 500
144,2020-03-30,2558.97998046875,2631.800048828125,2545.280029296875,2626.64990234375,5746220000,S&P 500
145,2020-03-31,2614.68994140625,2641.389892578125,2571.14990234375,2584.590087890625,6568290000,S&P 500
146,2020-04-01,2498.080078125,2522.75,2447.489990234375,2470.5,5947900000,S&P 500
147,2020-04-02,2458.5400390625,2533.219970703125,2455.7900390625,2526.89990234375,6454990000,S&P 500
148,2020-04-03,2514.919921875,2538.179931640625,2459.9599609375,2488.64990234375,6087190000,S&P 500
149,2020-04-06,2578.280029296875,2676.85009765625,2574.570068359375,2663.679931640625,6391860000,S&P 500
150,2020-04-07,2738.64990234375,2756.889892578125,2657.669921875,2659.409912109375,7040720000,S&P 500
151,2020-04-08,2685.0,2760.75,2663.300048828125,2749.97998046875,5856370000,S&P 500
152,2020-04-09,2776.989990234375,2818.570068359375,2762.360107421875,2789.820068359375,7880140000,S&P 500
153,2020-04-13,2782.4599609375,2782.4599609375,2721.169921875,2761.6298828125,5274310000,S&P 500
154,2020-04-14,2805.10009765625,2851.85009765625,2805.10009765625,2846.06005859375,5567400000,S&P 500
155,2020-04-15,2795.639892578125,2801.8798828125,2761.5400390625,2783.360107421875,5203390000,S&P 500
156,2020-04-16,2799.340087890625,2806.510009765625,2764.320068359375,2799.550048828125,5179990000,S&P 500
157,2020-04-17,2842.429931640625,2879.219970703125,2830.8798828125,2874.56005859375,5792140000,S&P 500
158,2020-04-20,2845.6201171875,2868.97998046875,2820.429931640625,2823.159912109375,5220160000,S&P 500
159,2020-04-21,2784.81005859375,2785.5400390625,2727.10009765625,2736.56005859375,5075830000,S&P 500
160,2020-04-22,2787.889892578125,2815.10009765625,2775.949951171875,2799.31005859375,5049660000,S&P 500
161,2020-04-23,2810.419921875,2844.89990234375,2794.260009765625,2797.800048828125,5756520000,S&P 500
162,2020-04-24,2812.639892578125,2842.7099609375,2791.760009765625,2836.739990234375,5374480000,S&P 500
163,2020-04-27,2854.64990234375,2887.719970703125,2852.889892578125,2878.47998046875,5194260000,S&P 500
164,2020-04-28,2909.9599609375,2921.14990234375,2860.7099609375,2863.389892578125,5672880000,S&P 500
165,2020-04-29,2918.4599609375,2954.860107421875,2912.159912109375,2939.510009765625,6620140000,S&P 500
166,2020-04-30,2930.909912109375,2930.909912109375,2892.469970703125,2912.429931640625,6523120000,S&P 500
167,2020-05-01,2869.090087890625,2869.090087890625,2821.610107421875,2830.7099609375,4753160000,S&P 500
168,2020-05-04,2815.010009765625,2844.239990234375,2797.85009765625,2842.739990234375,4723140000,S&P 500
169,2020-05-05,2868.8798828125,2898.22998046875,2863.550048828125,2868.43994140625,5129590000,S&P 500
170,2020-05-06,2883.139892578125,2891.110107421875,2847.64990234375,2848.419921875,4861920000,S&P 500
171,2020-05-07,2878.260009765625,2901.919921875,2876.47998046875,2881.18994140625,5164640000,S&P 500
172,2020-05-08,2908.830078125,2932.159912109375,2902.8798828125,2929.800048828125,4857160000,S&P 500
173,2020-05-11,2915.4599609375,2944.25,2903.43994140625,2930.18994140625,4807320000,S&P 500
174,2020-05-12,2939.5,2945.820068359375,2869.590087890625,2870.1201171875,5107710000,S&P 500
175,2020-05-13,2865.860107421875,2874.139892578125,2793.14990234375,2820.0,6143130000,S&P 500
176,2020-05-14,2794.5400390625,2852.800048828125,2766.639892578125,2852.5,5641920000,S&P 500
177,2020-05-15,2829.949951171875,2865.010009765625,2816.780029296875,2863.699951171875,5477040000,S&P 500
178,2020-05-18,2913.860107421875,2968.090087890625,2913.860107421875,2953.909912109375,6364290000,S&P 500
179,2020-05-19,2948.590087890625,2964.2099609375,2922.35009765625,2922.93994140625,4969330000,S&P 500
180,2020-05-20,2953.6298828125,2980.2900390625,2953.6298828125,2971.610107421875,4992970000,S&P 500
181,2020-05-21,2969.949951171875,2978.5,2938.570068359375,2948.510009765625,4966940000,S&P 500
182,2020-05-22,2948.050048828125,2956.760009765625,2933.590087890625,2955.449951171875,3952800000,S&P 500
183,2020-05-26,3004.080078125,3021.719970703125,2988.169921875,2991.77001953125,5837060000,S&P 500
184,2020-05-27,3015.64990234375,3036.25,2969.75,3036.1298828125,6371230000,S&P 500
185,2020-05-28,3046.610107421875,3068.669921875,3023.39990234375,3029.72998046875,5402670000,S&P 500
186,2020-05-29,3025.169921875,3049.169921875,2998.610107421875,3044.31005859375,7275080000,S&P 500
187,2020-06-01,3038.780029296875,3062.179931640625,3031.5400390625,3055.72998046875,4673410000,S&P 500
188,2020-06-02,3064.780029296875,3081.070068359375,3051.639892578125,3080.820068359375,5187230000,S&P 500
189,2020-06-03,3098.89990234375,3130.93994140625,3098.89990234375,3122.8701171875,5989560000,S&P 500
190,2020-06-04,3111.56005859375,3128.909912109375,3090.409912109375,3112.35009765625,6428130000,S&P 500
191,2020-06-05,3163.840087890625,3211.719970703125,3163.840087890625,3193.929931640625,8617590000,S&P 500
192,2020-06-08,3199.919921875,3233.1298828125,3196.0,3232.389892578125,8437380000,S&P 500
193,2020-06-09,3213.320068359375,3222.7099609375,3193.110107421875,3207.179931640625,6382620000,S&P 500
194,2020-06-10,3213.419921875,3223.27001953125,3181.489990234375,3190.139892578125,6570840000,S&P 500
195,2020-06-11,3123.530029296875,3123.530029296875,2999.489990234375,3002.10009765625,7018890000,S&P 500
196,2020-06-12,3071.0400390625,3088.419921875,2984.469970703125,3041.31005859375,5832250000,S&P 500
197,2020-06-15,2993.760009765625,3079.760009765625,2965.659912109375,3066.590087890625,5740660000,S&P 500
198,2020-06-16,3131.0,3153.449951171875,3076.06005859375,3124.739990234375,5829240000,S&P 500
199,2020-06-17,3136.1298828125,3141.159912109375,3108.030029296875,3113.489990234375,4549390000,S&P 500
200,2020-06-18,3101.639892578125,3120.0,3093.510009765625,3115.340087890625,4429030000,S&P 500
201,2020-06-19,3140.2900390625,3155.530029296875,3083.110107421875,3097.739990234375,8327780000,S&P 500
202,2020-06-22,3094.419921875,3120.919921875,3079.389892578125,3117.860107421875,4665380000,S&P 500
203,2020-06-23,3138.699951171875,3154.89990234375,3127.1201171875,3131.2900390625,4704830000,S&P 500
204,2020-06-24,3114.39990234375,3115.010009765625,3032.1298828125,3050.330078125,5587200000,S&P 500
205,2020-06-25,3046.60009765625,3086.25,3024.010009765625,3083.760009765625,4815420000,S&P 500
206,2020-06-26,3073.199951171875,3073.72998046875,3004.6298828125,3009.050048828125,8098120000,S&P 500
207,2020-06-29,3018.590087890625,3053.889892578125,2999.739990234375,3053.239990234375,4462770000,S&P 500
208,2020-06-30,3050.199951171875,3111.510009765625,3047.830078125,3100.2900390625,4696280000,S&P 500
209,2020-07-01,3105.919921875,3128.43994140625,3101.169921875,3115.860107421875,4443130000,S&P 500
210,2020-07-02,3143.639892578125,3165.81005859375,3124.52001953125,3130.010009765625,4190830000,S&P 500
211,2020-07-06,3155.2900390625,3182.590087890625,3155.2900390625,3179.719970703125,4736450000,S&P 500
212,2020-07-07,3166.43994140625,3184.14990234375,3142.929931640625,3145.320068359375,4563700000,S&P 500
213,2020-07-08,3153.070068359375,3171.800048828125,3136.530029296875,3169.93994140625,4927700000,S&P 500
214,2020-07-09,3176.169921875,3179.780029296875,3115.699951171875,3152.050048828125,4829020000,S&P 500
215,2020-07-10,3152.469970703125,3186.820068359375,3136.219970703125,3185.0400390625,4515340000,S&P 500
216,2020-07-13,3205.080078125,3235.320068359375,3149.429931640625,3155.219970703125,4890780000,S&P 500
217,2020-07-14,3141.110107421875,3200.949951171875,3127.659912109375,3197.52001953125,4476170000,S&P 500
218,2020-07-15,3225.97998046875,3238.280029296875,3200.760009765625,3226.56005859375,4669760000,S&P 500
219,2020-07-16,3208.360107421875,3220.389892578125,3198.590087890625,3215.570068359375,3961230000,S&P 500
220,2020-07-17,3224.2099609375,3233.52001953125,3205.64990234375,3224.72998046875,3993830000,S&P 500
221,2020-07-20,3224.2900390625,3258.610107421875,3215.159912109375,3251.840087890625,3971200000,S&P 500
222,2020-07-21,3268.52001953125,3277.2900390625,3247.77001953125,3257.300048828125,4547960000,S&P 500
223,2020-07-22,3254.860107421875,3279.320068359375,3253.10009765625,3276.02001953125,4255190000,S&P 500
224,2020-07-23,3271.639892578125,3279.989990234375,3222.659912109375,3235.659912109375,4290460000,S&P 500
225,2020-07-24,3218.580078125,3227.260009765625,3200.050048828125,3215.6298828125,3894900000,S&P 500
226,2020-07-27,3219.840087890625,3241.429931640625,3214.25,3239.409912109375,3963910000,S&P 500
227,2020-07-28,3234.27001953125,3243.719970703125,3216.169921875,3218.43994140625,4027890000,S&P 500
228,2020-07-29,3227.219970703125,3264.739990234375,3227.219970703125,3258.43994140625,4676300000,S&P 500
229,2020-07-30,3231.760009765625,3250.919921875,3204.1298828125,3246.219970703125,4254010000,S&P 500
230,2020-07-31,3270.449951171875,3272.169921875,3220.260009765625,3271.1201171875,5117260000,S&P 500
231,2020-08-03,3288.260009765625,3302.72998046875,3284.530029296875,3294.610107421875,4643640000,S&P 500
232,2020-08-04,3289.919921875,3306.840087890625,3286.3701171875,3306.510009765625,4621670000,S&P 500
233,2020-08-05,3317.3701171875,3330.77001953125,3317.3701171875,3327.77001953125,4732220000,S&P 500
234,2020-08-06,3323.169921875,3351.030029296875,3318.139892578125,3349.159912109375,4267490000,S&P 500
235,2020-08-07,3340.050048828125,3352.5400390625,3328.719970703125,3351.280029296875,4104860000,S&P 500
236,2020-08-10,3356.0400390625,3363.2900390625,3335.43994140625,3360.469970703125,4318570000,S&P 500
237,2020-08-11,3370.340087890625,3381.010009765625,3326.43994140625,3333.68994140625,5087650000,S&P 500
238,2020-08-12,3355.4599609375,3387.889892578125,3355.4599609375,3380.35009765625,3768560000,S&P 500
239,2020-08-13,3372.949951171875,3387.239990234375,3363.35009765625,3373.429931640625,3648810000,S&P 500
240,2020-08-14,3368.659912109375,3378.510009765625,3361.639892578125,3372.85009765625,3193400000,S&P 500
241,2020-08-17,3380.860107421875,3387.590087890625,3379.219970703125,3381.989990234375,3671290000,S&P 500
242,2020-08-18,3387.0400390625,3395.06005859375,3370.14990234375,3389.780029296875,3881310000,S&P 500
243,2020-08-19,3392.510009765625,3399.5400390625,3369.659912109375,3374.85009765625,3884480000,S&P 500
244,2020-08-20,3360.47998046875,3390.800048828125,3354.68994140625,3385.510009765625,3642850000,S&P 500
245,2020-08-21,3386.010009765625,3399.9599609375,3379.31005859375,3397.159912109375,3705420000,S&P 500
246,2020-08-24,3418.090087890625,3432.090087890625,3413.1298828125,3431.280029296875,3728690000,S&P 500
247,2020-08-25,3435.949951171875,3444.2099609375,3425.840087890625,3443.6201171875,3619300000,S&P 500
248,2020-08-26,3449.969970703125,3481.070068359375,3444.14990234375,3478.72998046875,3754360000,S&P 500
249,2020-08-27,3485.139892578125,3501.3798828125,3468.35009765625,3484.550048828125,3929560000,S&P 500
250,2020-08-28,3494.68994140625,3509.22998046875,3484.320068359375,3508.010009765625,3855880000,S&P 500
251,2020-08-31,3509.72998046875,3514.77001953125,3493.25,3500.31005859375,4342290000,S&P 500
252,2020-09-01,3507.43994140625,3528.030029296875,3494.60009765625,3526.64990234375,4083110000,S&P 500
253,2020-09-02,3543.760009765625,3588.110107421875,3535.22998046875,3580.840087890625,4285190000,S&P 500
254,2020-09-03,3564.739990234375,3564.85009765625,3427.409912109375,3455.06005859375,4898680000,S&P 500
255,2020-09-04,3453.60009765625,3479.14990234375,3349.6298828125,3426.9599609375,4431440000,S&P 500
256,2020-09-08,3371.8798828125,3379.969970703125,3329.27001953125,3331.840087890625,4665600000,S&P 500
257,2020-09-09,3369.820068359375,3424.77001953125,3366.840087890625,3398.9599609375,3920830000,S&P 500
258,2020-09-10,3412.56005859375,3425.550048828125,3329.25,3339.18994140625,4192250000,S&P 500
259,2020-09-11,3352.699951171875,3368.949951171875,3310.469970703125,3340.969970703125,3704450000,S&P 500
260,2020-09-14,3363.56005859375,3402.929931640625,3363.56005859375,3383.5400390625,3832130000,S&P 500
261,2020-09-15,3407.72998046875,3419.47998046875,3389.25,3401.199951171875,4051460000,S&P 500
262,2020-09-16,3411.22998046875,3428.919921875,3384.449951171875,3385.489990234375,4710030000,S&P 500
263,2020-09-17,3346.860107421875,3375.169921875,3328.820068359375,3357.010009765625,4371940000,S&P 500
264,2020-09-18,3357.3798828125,3362.27001953125,3292.39990234375,3319.469970703125,7068700000,S&P 500
265,2020-09-21,3285.570068359375,3285.570068359375,3229.10009765625,3281.06005859375,4828350000,S&P 500
266,2020-09-22,3295.75,3320.31005859375,3270.949951171875,3315.570068359375,3963300000,S&P 500
267,2020-09-23,3320.110107421875,3323.35009765625,3232.570068359375,3236.919921875,4364500000,S&P 500
268,2020-09-24,3226.139892578125,3278.699951171875,3209.449951171875,3246.590087890625,4599470000,S&P 500
269,2020-09-25,3236.659912109375,3306.8798828125,3228.43994140625,3298.4599609375,3792220000,S&P 500
270,2020-09-28,3333.89990234375,3360.739990234375,3332.909912109375,3351.60009765625,3946060000,S&P 500
271,2020-09-29,3350.919921875,3357.919921875,3327.5400390625,3335.469970703125,3651880000,S&P 500
272,2020-09-30,3341.2099609375,3393.56005859375,3340.469970703125,3363.0,4722530000,S&P 500
273,2020-10-01,3385.8701171875,3397.179931640625,3361.389892578125,3380.800048828125,4070530000,S&P 500
274,2020-10-02,3338.93994140625,3369.10009765625,3323.68994140625,3348.419921875,3961550000,S&P 500
275,2020-10-05,3367.27001953125,3409.570068359375,3367.27001953125,3408.60009765625,3686920000,S&P 500
276,2020-10-06,3408.739990234375,3431.56005859375,3354.5400390625,3360.969970703125,4443380000,S&P 500
277,2020-10-07,3384.56005859375,3426.260009765625,3384.56005859375,3419.43994140625,3807830000,S&P 500
278,2020-10-08,3434.280029296875,3447.280029296875,3428.14990234375,3446.830078125,3856190000,S&P 500
279,2020-10-09,3459.669921875,3482.340087890625,3458.070068359375,3477.139892578125,3939060000,S&P 500
280,2020-10-12,3500.02001953125,3549.85009765625,3499.610107421875,3534.219970703125,3428970000,S&P 500
281,2020-10-13,3534.010009765625,3534.010009765625,3500.860107421875,3511.929931640625,3605150000,S&P 500
282,2020-10-14,3515.469970703125,3527.93994140625,3480.550048828125,3488.669921875,3840630000,S&P 500
283,2020-10-15,3453.719970703125,3489.080078125,3440.889892578125,3483.340087890625,3717640000,S&P 500
284,2020-10-16,3493.5,3515.760009765625,3480.449951171875,3483.81005859375,4675890000,S&P 500
285,2020-10-19,3493.659912109375,3502.419921875,3419.929931640625,3426.919921875,4086200000,S&P 500
286,2020-10-20,3439.3798828125,3476.929931640625,3435.64990234375,3443.1201171875,3901260000,S&P 500
287,2020-10-21,3439.909912109375,3464.860107421875,3433.06005859375,3435.56005859375,4097750000,S&P 500
288,2020-10-22,3438.5,3460.530029296875,3415.340087890625,3453.489990234375,4163630000,S&P 500
289,2020-10-23,3464.89990234375,3466.4599609375,3440.449951171875,3465.389892578125,3646570000,S&P 500
290,2020-10-26,3441.419921875,3441.419921875,3364.860107421875,3400.969970703125,3988080000,S&P 500
291,2020-10-27,3403.14990234375,3409.510009765625,3388.7099609375,3390.679931640625,3946990000,S&P 500
292,2020-10-28,3342.47998046875,3342.47998046875,3268.889892578125,3271.030029296875,5129860000,S&P 500
293,2020-10-29,3277.169921875,3341.050048828125,3259.820068359375,3310.110107421875,4903070000,S&P 500
294,2020-10-30,3293.590087890625,3304.929931640625,3233.93994140625,3269.9599609375,4840450000,S&P 500
295,2020-11-02,3296.199951171875,3330.139892578125,3279.739990234375,3310.239990234375,4310590000,S&P 500
296,2020-11-03,3336.25,3389.489990234375,3336.25,3369.159912109375,4220070000,S&P 500
297,2020-11-04,3406.4599609375,3486.25,3405.169921875,3443.43994140625,4783040000,S&P 500
298,2020-11-05,3485.739990234375,3529.050048828125,3485.739990234375,3510.449951171875,4841190000,S&P 500
299,2020-11-06,3508.340087890625,3521.580078125,3484.340087890625,3509.43994140625,4833950000,S&P 500
300,2020-11-09,3583.0400390625,3645.989990234375,3547.47998046875,3550.5,8556610000,S&P 500
301,2020-11-10,3543.260009765625,3557.219970703125,3511.909912109375,3545.530029296875,6024230000,S&P 500
302,2020-11-11,3563.219970703125,3581.159912109375,3557.0,3572.659912109375,4609970000,S&P 500
303,2020-11-12,3562.669921875,3569.02001953125,3518.580078125,3537.010009765625,4890120000,S&P 500
304,2020-11-13,3552.570068359375,3593.659912109375,3552.570068359375,3585.14990234375,4709670000,S&P 500
305,2020-11-16,3600.159912109375,3628.510009765625,3600.159912109375,3626.909912109375,5281980000,S&P 500
306,2020-11-17,3610.31005859375,3623.110107421875,3588.679931640625,3609.530029296875,4799570000,S&P 500
307,2020-11-18,3612.090087890625,3619.090087890625,3567.330078125,3567.7900390625,5274450000,S&P 500
308,2020-11-19,3559.409912109375,3585.219970703125,3543.840087890625,3581.8701171875,4347200000,S&P 500
309,2020-11-20,3579.31005859375,3581.22998046875,3556.85009765625,3557.5400390625,4218970000,S&P 500
310,2020-11-23,3566.820068359375,3589.81005859375,3552.77001953125,3577.590087890625,5036290000,S&P 500
311,2020-11-24,3594.52001953125,3642.31005859375,3594.52001953125,3635.409912109375,6267570000,S&P 500
312,2020-11-25,3635.5,3635.5,3617.760009765625,3629.64990234375,4902560000,S&P 500
313,2020-11-27,3638.550048828125,3644.31005859375,3629.330078125,3638.35009765625,2778450000,S&P 500
314,2020-11-30,3634.179931640625,3634.179931640625,3594.389892578125,3621.6298828125,6291400000,S&P 500
315,2020-12-01,3645.8701171875,3678.449951171875,3645.8701171875,3662.449951171875,5403660000,S&P 500
316,2020-12-02,3653.780029296875,3670.9599609375,3644.840087890625,3669.010009765625,5029620000,S&P 500
317,2020-12-03,3668.280029296875,3682.72998046875,3657.169921875,3666.719970703125,5091760000,S&P 500
318,2020-12-04,3670.93994140625,3699.199951171875,3670.93994140625,3699.1201171875,5086370000,S&P 500
319,2020-12-07,3694.72998046875,3697.409912109375,3678.8798828125,3691.9599609375,4788560000,S&P 500
320,2020-12-08,3683.050048828125,3708.449951171875,3678.830078125,3702.25,4549670000,S&P 500
321,2020-12-09,3705.97998046875,3712.389892578125,3660.5400390625,3672.820068359375,5209940000,S&P 500
322,2020-12-10,3659.1298828125,3678.489990234375,3645.179931640625,3668.10009765625,4618240000,S&P 500
323,2020-12-11,3656.080078125,3665.909912109375,3633.39990234375,3663.4599609375,4367150000,S&P 500
324,2020-12-14,3675.27001953125,3697.610107421875,3645.840087890625,3647.489990234375,4594920000,S&P 500
325,2020-12-15,3666.409912109375,3695.2900390625,3659.6201171875,3694.6201171875,4360280000,S&P 500
326,2020-12-16,3696.25,3711.27001953125,3688.570068359375,3701.169921875,4056950000,S&P 500
327,2020-12-17,3713.64990234375,3725.1201171875,3710.8701171875,3722.47998046875,4184930000,S&P 500
328,2020-12-18,3722.389892578125,3726.699951171875,3685.840087890625,3709.409912109375,7068340000,S&P 500
329,2020-12-21,3684.280029296875,3702.89990234375,3636.47998046875,3694.919921875,4732160000,S&P 500
330,2020-12-22,3698.080078125,3698.260009765625,3676.159912109375,3687.260009765625,4023940000,S&P 500
331,2020-12-23,3693.419921875,3711.239990234375,3689.280029296875,3690.010009765625,3772630000,S&P 500
332,2020-12-24,3694.030029296875,3703.820068359375,3689.320068359375,3703.06005859375,1885090000,S&P 500
333,2020-12-28,3723.030029296875,3740.510009765625,3723.030029296875,3735.360107421875,3527460000,S&P 500
334,2020-12-29,3750.010009765625,3756.1201171875,3723.31005859375,3727.0400390625,3387030000,S&P 500
335,2020-12-30,3736.18994140625,3744.6298828125,3730.2099609375,3732.0400390625,3145200000,S&P 500
336,2020-12-31,3733.27001953125,3760.199951171875,3726.8798828125,3756.070068359375,3172510000,S&P 500
341,2019-09-02,"3,426.24","3,442.71","3,426.24","3,432.54",20.01M,STOXX 50 EU
340,2019-09-03,"3,432.22","3,432.22","3,406.55","3,420.74",28.43M,STOXX 50 EU
339,2019-09-04,"3,424.98","3,461.06","3,424.98","3,450.83",36.06M,STOXX 50 EU
338,2019-09-05,"3,453.99","3,488.48","3,453.99","3,484.70",40.11M,STOXX 50 EU
337,2019-09-06,"3,484.86","3,495.87","3,479.62","3,495.19",35.28M,STOXX 50 EU
336,2019-09-09,"3,495.85","3,503.05","3,486.75","3,495.02",34.62M,STOXX 50 EU
335,2019-09-10,"3,493.80","3,501.68","3,479.58","3,498.99",46.31M,STOXX 50 EU
334,2019-09-11,"3,502.24","3,520.95","3,502.24","3,516.82",44.09M,STOXX 50 EU
333,2019-09-12,"3,522.04","3,555.10","3,512.59","3,538.86",51.02M,STOXX 50 EU
332,2019-09-13,"3,539.93","3,555.85","3,534.38","3,550.11",44.76M,STOXX 50 EU
331,2019-09-16,"3,540.47","3,540.47","3,518.45","3,518.45",39.32M,STOXX 50 EU
330,2019-09-17,"3,517.57","3,527.00","3,506.36","3,521.26",38.65M,STOXX 50 EU
329,2019-09-18,"3,520.88","3,536.65","3,518.01","3,528.04",32.02M,STOXX 50 EU
328,2019-09-19,"3,527.50","3,554.87","3,524.37","3,552.65",34.83M,STOXX 50 EU
327,2019-09-20,"3,552.73","3,578.04","3,546.30","3,571.39",87.16M,STOXX 50 EU
326,2019-09-23,"3,565.96","3,565.96","3,526.26","3,536.97",35.11M,STOXX 50 EU
325,2019-09-24,"3,542.53","3,547.98","3,531.65","3,532.05",29.82M,STOXX 50 EU
324,2019-09-25,"3,526.84","3,526.84","3,480.28","3,513.03",35.38M,STOXX 50 EU
323,2019-09-26,"3,509.80","3,538.16","3,506.05","3,532.18",30.75M,STOXX 50 EU
322,2019-09-27,"3,534.47","3,553.25","3,534.47","3,545.88",27.26M,STOXX 50 EU
321,2019-09-30,"3,545.07","3,570.15","3,536.91","3,569.45",34.92M,STOXX 50 EU
320,2019-10-01,"3,573.08","3,588.68","3,518.25","3,518.25",35.33M,STOXX 50 EU
319,2019-10-02,"3,516.88","3,516.88","3,413.31","3,413.31",46.05M,STOXX 50 EU
318,2019-10-03,"3,414.14","3,431.24","3,398.64","3,417.37",32.35M,STOXX 50 EU
317,2019-10-04,"3,423.75","3,446.71","3,406.44","3,446.71",32.07M,STOXX 50 EU
316,2019-10-07,"3,442.14","3,471.88","3,433.87","3,471.24",24.77M,STOXX 50 EU
315,2019-10-08,"3,473.24","3,476.46","3,426.82","3,432.76",28.96M,STOXX 50 EU
314,2019-10-09,"3,433.17","3,473.92","3,427.77","3,462.11",25.25M,STOXX 50 EU
313,2019-10-10,"3,469.99","3,501.19","3,445.44","3,493.96",35.74M,STOXX 50 EU
312,2019-10-11,"3,494.78","3,569.92","3,490.52","3,569.92",47.63M,STOXX 50 EU
311,2019-10-14,"3,565.38","3,565.38","3,531.23","3,556.26",25.85M,STOXX 50 EU
310,2019-10-15,"3,562.39","3,610.31","3,562.39","3,598.65",42.81M,STOXX 50 EU
309,2019-10-16,"3,600.76","3,610.44","3,588.09","3,599.25",46.72M,STOXX 50 EU
308,2019-10-17,"3,595.73","3,630.43","3,588.62","3,588.62",44.31M,STOXX 50 EU
307,2019-10-18,"3,587.40","3,596.71","3,571.01","3,579.41",34.80M,STOXX 50 EU
306,2019-10-21,"3,583.37","3,608.95","3,578.81","3,600.08",34.60M,STOXX 50 EU
305,2019-10-22,"3,600.94","3,609.34","3,586.64","3,604.82",32.15M,STOXX 50 EU
304,2019-10-23,"3,595.78","3,608.63","3,585.76","3,606.89",36.31M,STOXX 50 EU
303,2019-10-24,"3,611.62","3,626.88","3,607.84","3,621.37",51.63M,STOXX 50 EU
302,2019-10-25,"3,622.79","3,631.04","3,604.40","3,624.68",32.17M,STOXX 50 EU
301,2019-10-28,"3,623.84","3,637.94","3,614.83","3,625.69",31.46M,STOXX 50 EU
300,2019-10-29,"3,625.53","3,625.99","3,611.77","3,622.09",34.74M,STOXX 50 EU
299,2019-10-30,"3,616.25","3,624.53","3,596.30","3,620.29",42.74M,STOXX 50 EU
298,2019-10-31,"3,625.36","3,631.87","3,593.60","3,604.41",44.94M,STOXX 50 EU
297,2019-11-01,"3,610.22","3,633.64","3,607.68","3,623.74",27.79M,STOXX 50 EU
296,2019-11-04,"3,631.45","3,671.81","3,631.45","3,665.21",41.80M,STOXX 50 EU
295,2019-11-05,"3,666.54","3,678.63","3,661.21","3,676.52",48.16M,STOXX 50 EU
294,2019-11-06,"3,675.43","3,692.20","3,671.24","3,688.74",42.30M,STOXX 50 EU
293,2019-11-07,"3,694.97","3,708.65","3,694.97","3,706.68",44.58M,STOXX 50 EU
292,2019-11-08,"3,703.35","3,706.91","3,687.99","3,699.65",42.03M,STOXX 50 EU
291,2019-11-11,"3,696.97","3,702.78","3,683.33","3,696.82",31.57M,STOXX 50 EU
290,2019-11-12,"3,700.49","3,719.40","3,700.11","3,712.20",34.98M,STOXX 50 EU
289,2019-11-13,"3,710.74","3,710.74","3,679.63","3,699.50",39.60M,STOXX 50 EU
288,2019-11-14,"3,699.73","3,702.94","3,687.27","3,688.81",31.67M,STOXX 50 EU
287,2019-11-15,"3,698.06","3,713.26","3,690.06","3,711.61",33.45M,STOXX 50 EU
286,2019-11-18,"3,711.18","3,716.79","3,687.30","3,704.92",29.75M,STOXX 50 EU
285,2019-11-19,"3,704.88","3,733.45","3,688.59","3,696.56",29.83M,STOXX 50 EU
284,2019-11-20,"3,688.86","3,688.86","3,663.21","3,683.88",30.77M,STOXX 50 EU
283,2019-11-21,"3,675.75","3,688.37","3,651.51","3,679.66",30.18M,STOXX 50 EU
282,2019-11-22,"3,682.22","3,709.88","3,682.22","3,687.32",31.89M,STOXX 50 EU
281,2019-11-25,"3,697.49","3,710.87","3,697.49","3,707.68",23.58M,STOXX 50 EU
280,2019-11-26,"3,708.43","3,711.75","3,694.70","3,705.55",42.78M,STOXX 50 EU
279,2019-11-27,"3,708.71","3,721.76","3,704.49","3,712.85",27.54M,STOXX 50 EU
278,2019-11-28,"3,707.05","3,708.16","3,698.22","3,704.48",20.88M,STOXX 50 EU
277,2019-11-29,"3,699.34","3,719.83","3,686.94","3,703.58",28.77M,STOXX 50 EU
276,2019-12-02,"3,703.76","3,729.74","3,623.12","3,626.66",44.66M,STOXX 50 EU
275,2019-12-03,"3,635.15","3,647.52","3,594.80","3,610.99",37.67M,STOXX 50 EU
274,2019-12-04,"3,611.95","3,665.90","3,611.95","3,660.02",32.16M,STOXX 50 EU
273,2019-12-05,"3,663.00","3,683.07","3,648.13","3,648.13",25.38M,STOXX 50 EU
272,2019-12-06,"3,653.23","3,692.71","3,653.23","3,692.34",29.11M,STOXX 50 EU
271,2019-12-09,"3,691.86","3,691.86","3,671.07","3,672.18",26.45M,STOXX 50 EU
270,2019-12-10,"3,671.97","3,675.88","3,625.00","3,671.78",28.58M,STOXX 50 EU
269,2019-12-11,"3,667.45","3,692.11","3,659.53","3,687.45",26.62M,STOXX 50 EU
268,2019-12-12,"3,689.67","3,723.60","3,675.63","3,706.35",40.50M,STOXX 50 EU
267,2019-12-13,"3,720.65","3,765.70","3,720.65","3,731.07",49.28M,STOXX 50 EU
266,2019-12-16,"3,738.91","3,778.47","3,738.91","3,772.74",30.02M,STOXX 50 EU
265,2019-12-17,"3,769.14","3,769.14","3,742.62","3,745.28",37.23M,STOXX 50 EU
264,2019-12-18,"3,744.00","3,755.81","3,739.00","3,739.00",33.48M,STOXX 50 EU
263,2019-12-19,"3,741.53","3,747.34","3,722.57","3,739.17",35.61M,STOXX 50 EU
262,2019-12-20,"3,740.71","3,776.56","3,738.22","3,776.56",84.85M,STOXX 50 EU
261,2019-12-23,"3,775.07","3,778.98","3,767.80","3,776.66",23.06M,STOXX 50 EU
260,2019-12-24,"3,774.13","3,774.66","3,770.91","3,774.39",15.42M,STOXX 50 EU
259,2019-12-27,"3,776.82","3,794.93","3,775.26","3,782.27",24.44M,STOXX 50 EU
258,2019-12-30,"3,780.44","3,780.44","3,748.47","3,748.47",18.68M,STOXX 50 EU
257,2019-12-31,"3,746.61","3,749.10","3,738.45","3,745.15",22.07M,STOXX 50 EU
256,2020-01-02,"3,754.24","3,801.13","3,754.24","3,793.24",29.92M,STOXX 50 EU
255,2020-01-03,"3,787.57","3,787.57","3,745.54","3,773.37",30.34M,STOXX 50 EU
254,2020-01-06,"3,764.34","3,764.34","3,710.94","3,752.52",28.34M,STOXX 50 EU
253,2020-01-07,"3,760.09","3,784.42","3,748.13","3,759.25",29.85M,STOXX 50 EU
252,2020-01-08,"3,752.87","3,775.43","3,732.90","3,772.56",34.99M,STOXX 50 EU
251,2020-01-09,"3,782.77","3,807.09","3,782.77","3,795.88",33.48M,STOXX 50 EU
250,2020-01-10,"3,801.12","3,803.91","3,786.93","3,789.52",27.40M,STOXX 50 EU
249,2020-01-13,"3,789.87","3,798.58","3,768.45","3,779.68",27.51M,STOXX 50 EU
248,2020-01-14,"3,779.35","3,783.76","3,745.47","3,774.88",33.07M,STOXX 50 EU
247,2020-01-15,"3,774.93","3,778.94","3,755.30","3,768.96",33.41M,STOXX 50 EU
246,2020-01-16,"3,770.96","3,785.67","3,758.55","3,774.14",17.58M,STOXX 50 EU
245,2020-01-17,"3,780.54","3,813.80","3,780.54","3,808.26",33.00M,STOXX 50 EU
244,2020-01-20,"3,804.74","3,805.61","3,791.51","3,799.03",20.83M,STOXX 50 EU
243,2020-01-21,"3,786.26","3,789.12","3,760.36","3,789.12",27.59M,STOXX 50 EU
242,2020-01-22,"3,792.05","3,802.68","3,765.49","3,769.79",32.48M,STOXX 50 EU
241,2020-01-23,"3,764.10","3,770.01","3,734.06","3,736.85",33.33M,STOXX 50 EU
240,2020-01-24,"3,744.75","3,795.33","3,744.75","3,779.16",31.73M,STOXX 50 EU
239,2020-01-27,"3,754.63","3,754.63","3,673.80","3,677.84",44.84M,STOXX 50 EU
238,2020-01-28,"3,684.69","3,722.71","3,671.74","3,719.22",37.48M,STOXX 50 EU
237,2020-01-29,"3,717.64","3,743.26","3,715.74","3,736.36",36.47M,STOXX 50 EU
236,2020-01-30,"3,717.93","3,717.93","3,676.66","3,690.78",42.46M,STOXX 50 EU
235,2020-01-31,"3,697.67","3,705.33","3,639.44","3,640.91",49.70M,STOXX 50 EU
234,2020-02-03,"3,646.86","3,673.28","3,641.84","3,661.27",32.50M,STOXX 50 EU
233,2020-02-04,"3,670.98","3,732.28","3,670.98","3,732.28",45.38M,STOXX 50 EU
232,2020-02-05,"3,727.22","3,782.85","3,717.72","3,777.84",56.85M,STOXX 50 EU
231,2020-02-06,"3,791.07","3,808.74","3,790.54","3,805.52",52.51M,STOXX 50 EU
230,2020-02-07,"3,804.86","3,806.06","3,782.21","3,798.49",39.16M,STOXX 50 EU
229,2020-02-10,"3,794.18","3,794.18","3,779.10","3,793.18",28.46M,STOXX 50 EU
228,2020-02-11,"3,804.46","3,832.06","3,804.46","3,825.84",38.62M,STOXX 50 EU
227,2020-02-12,"3,829.66","3,854.43","3,829.66","3,854.43",42.24M,STOXX 50 EU
226,2020-02-13,"3,849.10","3,849.10","3,799.98","3,846.74",38.74M,STOXX 50 EU
225,2020-02-14,"3,847.93","3,851.42","3,835.79","3,840.97",29.90M,STOXX 50 EU
224,2020-02-17,"3,843.10","3,854.30","3,841.06","3,853.27",24.26M,STOXX 50 EU
223,2020-02-18,"3,848.56","3,848.56","3,826.23","3,836.54",53.06M,STOXX 50 EU
222,2020-02-19,"3,846.39","3,865.43","3,846.39","3,865.18",40.37M,STOXX 50 EU
221,2020-02-20,"3,867.28","3,867.28","3,822.98","3,822.98",41.28M,STOXX 50 EU
220,2020-02-21,"3,816.51","3,827.36","3,776.82","3,800.38",48.44M,STOXX 50 EU
219,2020-02-24,"3,762.35","3,762.35","3,632.29","3,647.98",80.00M,STOXX 50 EU
218,2020-02-25,"3,655.84","3,668.70","3,568.48","3,572.51",62.81M,STOXX 50 EU
217,2020-02-26,"3,567.03","3,595.80","3,467.58","3,577.68",71.79M,STOXX 50 EU
216,2020-02-27,"3,553.05","3,553.05","3,410.70","3,455.92",86.76M,STOXX 50 EU
215,2020-02-28,"3,431.52","3,431.52","3,283.18","3,329.49",123.09M,STOXX 50 EU
214,2020-03-02,"3,355.33","3,406.40","3,257.99","3,338.83",90.02M,STOXX 50 EU
213,2020-03-03,"3,355.52","3,448.24","3,354.30","3,371.97",79.45M,STOXX 50 EU
212,2020-03-04,"3,374.00","3,438.21","3,350.23","3,420.56",66.43M,STOXX 50 EU
211,2020-03-05,"3,431.78","3,438.06","3,338.41","3,363.58",73.06M,STOXX 50 EU
210,2020-03-06,"3,347.83","3,347.83","3,216.44","3,232.07",85.09M,STOXX 50 EU
209,2020-03-09,"3,214.20","3,214.20","2,939.85","2,959.07",143.37M,STOXX 50 EU
208,2020-03-10,"2,973.61","3,088.57","2,896.74","2,910.02",118.22M,STOXX 50 EU
207,2020-03-11,"2,924.93","2,998.65","2,893.43","2,905.56",87.72M,STOXX 50 EU
206,2020-03-12,"2,883.25","2,883.25","2,535.89","2,545.23",167.33M,STOXX 50 EU
205,2020-03-13,"2,584.36","2,793.27","2,537.27","2,586.02",136.55M,STOXX 50 EU
204,2020-03-16,"2,557.71","2,557.71","2,302.84","2,450.37",137.14M,STOXX 50 EU
203,2020-03-17,"2,475.18","2,555.41","2,376.23","2,530.50",106.91M,STOXX 50 EU
202,2020-03-18,"2,507.33","2,507.33","2,365.70","2,385.82",98.21M,STOXX 50 EU
201,2020-03-19,"2,388.94","2,461.57","2,345.30","2,454.08",101.35M,STOXX 50 EU
200,2020-03-20,"2,475.14","2,613.53","2,475.14","2,548.50",133.71M,STOXX 50 EU
199,2020-03-23,"2,520.48","2,588.48","2,427.87","2,485.54",-,STOXX 50 EU
198,2020-03-24,"2,507.61","2,715.11","2,507.61","2,715.11",87.88M,STOXX 50 EU
197,2020-03-25,"2,756.99","2,829.34","2,670.27","2,800.14",90.51M,STOXX 50 EU
196,2020-03-26,"2,765.86","2,847.78","2,706.29","2,847.78",65.31M,STOXX 50 EU
195,2020-03-27,"2,803.09","2,803.09","2,694.78","2,728.65",66.18M,STOXX 50 EU
194,2020-03-30,"2,734.92","2,765.62","2,658.88","2,765.62",64.13M,STOXX 50 EU
193,2020-03-31,"2,780.80","2,827.32","2,728.02","2,786.90",74.50M,STOXX 50 EU
192,2020-04-01,"2,760.54","2,760.54","2,663.42","2,680.30",63.22M,STOXX 50 EU
191,2020-04-02,"2,693.13","2,711.45","2,626.10","2,688.49",66.56M,STOXX 50 EU
190,2020-04-03,"2,686.07","2,693.50","2,655.80","2,662.99",63.60M,STOXX 50 EU
189,2020-04-06,"2,701.86","2,804.70","2,701.86","2,795.97",58.55M,STOXX 50 EU
188,2020-04-07,"2,819.53","2,914.46","2,819.53","2,857.67",68.93M,STOXX 50 EU
187,2020-04-08,"2,846.25","2,851.27","2,793.71","2,851.27",47.43M,STOXX 50 EU
186,2020-04-09,"2,864.45","2,922.07","2,833.45","2,892.79",63.03M,STOXX 50 EU
185,2020-04-14,"2,911.20","2,956.22","2,905.72","2,917.74",51.06M,STOXX 50 EU
184,2020-04-15,"2,914.30","2,914.30","2,795.47","2,808.20",60.15M,STOXX 50 EU
183,2020-04-16,"2,826.70","2,853.57","2,792.17","2,812.35",53.50M,STOXX 50 EU
182,2020-04-17,"2,842.10","2,931.55","2,842.10","2,888.30",61.20M,STOXX 50 EU
181,2020-04-20,"2,894.91","2,909.50","2,839.18","2,909.50",42.21M,STOXX 50 EU
180,2020-04-21,"2,889.57","2,889.57","2,791.34","2,791.34",50.94M,STOXX 50 EU
179,2020-04-22,"2,800.81","2,838.26","2,800.81","2,834.90",41.19M,STOXX 50 EU
178,2020-04-23,"2,837.32","2,883.60","2,815.12","2,852.46",41.58M,STOXX 50 EU
177,2020-04-24,"2,837.33","2,849.08","2,799.12","2,809.07",42.44M,STOXX 50 EU
176,2020-04-27,"2,838.96","2,882.11","2,838.96","2,882.09",36.12M,STOXX 50 EU
175,2020-04-28,"2,882.81","2,951.35","2,880.72","2,932.06",54.62M,STOXX 50 EU
174,2020-04-29,"2,934.49","3,000.49","2,919.74","2,996.08",50.04M,STOXX 50 EU
173,2020-04-30,"3,003.21","3,023.83","2,917.31","2,927.93",72.74M,STOXX 50 EU
172,2020-05-01,"2,927.93","2,927.93","2,927.93","2,927.93",72.74M,STOXX 50 EU
171,2020-05-04,"2,898.89","2,898.89","2,801.07","2,816.48",57.39M,STOXX 50 EU
170,2020-05-05,"2,830.33","2,878.51","2,827.37","2,875.91",48.88M,STOXX 50 EU
169,2020-05-06,"2,876.45","2,878.70","2,839.77","2,843.76",41.34M,STOXX 50 EU
168,2020-05-07,"2,842.82","2,883.02","2,842.82","2,880.60",40.52M,STOXX 50 EU
167,2020-05-08,"2,892.95","2,912.02","2,887.49","2,908.11",30.05M,STOXX 50 EU
166,2020-05-11,"2,915.72","2,927.26","2,861.71","2,883.75",34.18M,STOXX 50 EU
165,2020-05-12,"2,878.61","2,896.40","2,871.25","2,884.20",34.34M,STOXX 50 EU
164,2020-05-13,"2,872.01","2,872.01","2,805.27","2,810.55",43.28M,STOXX 50 EU
163,2020-05-14,"2,796.48","2,796.48","2,708.07","2,760.23",57.06M,STOXX 50 EU
162,2020-05-15,"2,777.43","2,801.85","2,755.15","2,770.70",45.57M,STOXX 50 EU
161,2020-05-18,"2,800.07","2,923.32","2,800.07","2,911.88",49.02M,STOXX 50 EU
160,2020-05-19,"2,931.17","2,944.96","2,876.66","2,902.58",67.92M,STOXX 50 EU
159,2020-05-20,"2,895.51","2,946.47","2,874.95","2,942.39",53.60M,STOXX 50 EU
158,2020-05-21,"2,927.65","2,936.82","2,897.78","2,904.98",38.84M,STOXX 50 EU
157,2020-05-22,"2,889.38","2,922.20","2,854.07","2,905.47",45.18M,STOXX 50 EU
156,2020-05-25,"2,919.10","2,971.35","2,912.96","2,971.35",26.95M,STOXX 50 EU
155,2020-05-26,"2,983.65","3,009.43","2,978.53","2,999.22",57.52M,STOXX 50 EU
154,2020-05-27,"3,004.09","3,067.35","3,002.66","3,051.08",79.31M,STOXX 50 EU
153,2020-05-28,"3,058.75","3,102.96","3,053.76","3,094.47",58.75M,STOXX 50 EU
152,2020-05-29,"3,081.78","3,096.24","3,049.33","3,050.20",74.78M,STOXX 50 EU
151,2020-06-02,"3,123.55","3,168.49","3,108.55","3,156.45",-,STOXX 50 EU
150,2020-06-03,"3,169.73","3,275.68","3,169.73","3,269.59",72.25M,STOXX 50 EU
149,2020-06-04,"3,261.09","3,293.26","3,232.79","3,261.67",72.91M,STOXX 50 EU
148,2020-06-05,"3,281.92","3,386.96","3,281.92","3,384.29",92.61M,STOXX 50 EU
147,2020-06-08,"3,356.25","3,394.91","3,341.25","3,368.35",-,STOXX 50 EU
146,2020-06-09,"3,368.55","3,377.20","3,294.74","3,320.71",74.58M,STOXX 50 EU
145,2020-06-10,"3,327.31","3,355.76","3,289.25","3,293.71",52.91M,STOXX 50 EU
144,2020-06-11,"3,263.61","3,263.61","3,144.57","3,144.57",75.07M,STOXX 50 EU
143,2020-06-12,"3,135.22","3,213.76","3,110.30","3,153.74",56.15M,STOXX 50 EU
142,2020-06-15,"3,131.43","3,153.37","3,054.11","3,136.40",52.22M,STOXX 50 EU
141,2020-06-16,"3,156.03","3,277.87","3,156.03","3,242.65",65.93M,STOXX 50 EU
140,2020-06-17,"3,240.09","3,282.92","3,238.56","3,267.26",51.16M,STOXX 50 EU
139,2020-06-18,"3,260.67","3,288.18","3,225.10","3,249.90",53.77M,STOXX 50 EU
138,2020-06-19,"3,257.00","3,300.66","3,257.00","3,269.10",111.74M,STOXX 50 EU
137,2020-06-22,"3,259.43","3,279.42","3,219.15","3,241.69",35.28M,STOXX 50 EU
136,2020-06-23,"3,253.33","3,317.87","3,253.33","3,298.83",47.21M,STOXX 50 EU
135,2020-06-24,"3,289.00","3,289.00","3,196.12","3,196.12",45.12M,STOXX 50 EU
134,2020-06-25,"3,196.25","3,235.36","3,149.67","3,218.91",44.00M,STOXX 50 EU
133,2020-06-26,"3,233.14","3,272.97","3,199.81","3,204.17",37.10M,STOXX 50 EU
132,2020-06-29,"3,196.21","3,252.33","3,183.11","3,232.02",38.66M,STOXX 50 EU
131,2020-06-30,"3,235.87","3,249.43","3,209.96","3,234.07",41.99M,STOXX 50 EU
130,2020-07-01,"3,239.86","3,250.56","3,181.12","3,228.45",34.84M,STOXX 50 EU
129,2020-07-02,"3,239.48","3,335.40","3,239.48","3,320.09",54.20M,STOXX 50 EU
128,2020-07-03,"3,321.83","3,330.48","3,279.07","3,294.38",28.27M,STOXX 50 EU
127,2020-07-06,"3,314.40","3,375.70","3,314.40","3,350.03",43.07M,STOXX 50 EU
126,2020-07-07,"3,338.72","3,338.72","3,299.99","3,321.56",34.87M,STOXX 50 EU
125,2020-07-08,"3,310.83","3,324.85","3,278.10","3,286.09",38.17M,STOXX 50 EU
124,2020-07-09,"3,291.70","3,315.54","3,253.58","3,261.17",33.33M,STOXX 50 EU
123,2020-07-10,"3,255.40","3,299.54","3,241.29","3,296.22",31.88M,STOXX 50 EU
122,2020-07-13,"3,311.82","3,353.26","3,307.56","3,350.00",32.80M,STOXX 50 EU
121,2020-07-14,"3,330.08","3,330.08","3,277.40","3,321.39",36.82M,STOXX 50 EU
120,2020-07-15,"3,331.84","3,399.71","3,331.84","3,378.21",46.66M,STOXX 50 EU
119,2020-07-16,"3,371.05","3,376.58","3,340.96","3,365.35",34.87M,STOXX 50 EU
118,2020-07-17,"3,370.51","3,375.22","3,353.98","3,365.60",40.43M,STOXX 50 EU
117,2020-07-20,"3,361.25","3,393.43","3,332.64","3,388.34",31.56M,STOXX 50 EU
116,2020-07-21,"3,404.16","3,451.16","3,401.42","3,405.35",50.37M,STOXX 50 EU
115,2020-07-22,"3,399.88","3,402.19","3,361.53","3,370.76",37.09M,STOXX 50 EU
114,2020-07-23,"3,379.57","3,400.92","3,362.34","3,371.74",35.87M,STOXX 50 EU
113,2020-07-24,"3,349.54","3,349.54","3,294.89","3,310.89",34.26M,STOXX 50 EU
112,2020-07-27,"3,308.17","3,317.18","3,292.48","3,302.84",29.10M,STOXX 50 EU
111,2020-07-28,"3,302.68","3,316.82","3,280.67","3,303.56",31.36M,STOXX 50 EU
110,2020-07-29,"3,304.22","3,314.96","3,293.62","3,300.16",35.92M,STOXX 50 EU
109,2020-07-30,"3,300.61","3,300.61","3,174.38","3,208.20",60.17M,STOXX 50 EU
108,2020-07-31,"3,211.21","3,245.97","3,174.32","3,174.32",55.69M,STOXX 50 EU
107,2020-08-03,"3,177.76","3,263.65","3,173.98","3,248.28",48.85M,STOXX 50 EU
106,2020-08-04,"3,253.84","3,278.56","3,230.52","3,254.29",47.68M,STOXX 50 EU
105,2020-08-05,"3,258.32","3,293.17","3,258.32","3,268.38",41.26M,STOXX 50 EU
104,2020-08-06,"3,264.08","3,286.10","3,223.75","3,240.39",65.36M,STOXX 50 EU
103,2020-08-07,"3,240.52","3,256.92","3,220.05","3,252.65",37.02M,STOXX 50 EU
102,2020-08-10,"3,259.27","3,276.61","3,239.25","3,259.71",26.23M,STOXX 50 EU
101,2020-08-11,"3,269.91","3,349.76","3,269.91","3,332.12",43.23M,STOXX 50 EU
100,2020-08-12,"3,327.88","3,377.44","3,321.46","3,363.18",39.37M,STOXX 50 EU
99,2020-08-13,"3,358.09","3,368.07","3,336.57","3,342.85",27.82M,STOXX 50 EU
98,2020-08-14,"3,339.33","3,339.33","3,275.91","3,305.05",30.33M,STOXX 50 EU
97,2020-08-17,"3,305.65","3,319.10","3,285.99","3,305.85",23.39M,STOXX 50 EU
96,2020-08-18,"3,301.36","3,333.64","3,276.02","3,289.64",28.15M,STOXX 50 EU
95,2020-08-19,"3,287.08","3,317.84","3,275.51","3,317.62",21.32M,STOXX 50 EU
94,2020-08-20,"3,306.69","3,306.69","3,257.60","3,273.98",28.00M,STOXX 50 EU
93,2020-08-21,"3,277.61","3,292.57","3,221.42","3,259.75",35.55M,STOXX 50 EU
92,2020-08-24,"3,269.51","3,338.47","3,269.51","3,331.74",29.47M,STOXX 50 EU
91,2020-08-25,"3,335.01","3,373.47","3,329.71","3,329.71",33.09M,STOXX 50 EU
90,2020-08-26,"3,328.42","3,357.88","3,315.40","3,356.76",22.97M,STOXX 50 EU
89,2020-08-27,"3,357.02","3,359.14","3,326.65","3,331.04",34.25M,STOXX 50 EU
88,2020-08-28,"3,333.19","3,339.74","3,296.26","3,315.54",34.92M,STOXX 50 EU
87,2020-08-31,"3,320.68","3,346.11","3,266.55","3,272.51",38.08M,STOXX 50 EU
86,2020-09-01,"3,279.11","3,311.40","3,245.03","3,277.58",39.44M,STOXX 50 EU
85,2020-09-02,"3,284.30","3,358.11","3,284.30","3,337.77",39.21M,STOXX 50 EU
84,2020-09-03,"3,344.21","3,396.02","3,285.55","3,304.22",41.86M,STOXX 50 EU
83,2020-09-04,"3,294.93","3,328.76","3,234.81","3,260.59",52.02M,STOXX 50 EU
82,2020-09-07,"3,264.43","3,320.55","3,264.43","3,314.07",30.64M,STOXX 50 EU
81,2020-09-08,"3,314.85","3,320.38","3,241.61","3,267.37",40.32M,STOXX 50 EU
80,2020-09-09,"3,266.87","3,332.99","3,266.87","3,324.83",38.25M,STOXX 50 EU
79,2020-09-10,"3,326.28","3,337.72","3,300.08","3,312.77",37.19M,STOXX 50 EU
78,2020-09-11,"3,312.78","3,329.09","3,292.42","3,315.81",36.52M,STOXX 50 EU
77,2020-09-14,"3,319.94","3,346.40","3,309.06","3,316.79",26.47M,STOXX 50 EU
76,2020-09-15,"3,318.40","3,344.51","3,307.36","3,332.26",31.13M,STOXX 50 EU
75,2020-09-16,"3,332.12","3,348.77","3,312.19","3,338.84",39.88M,STOXX 50 EU
74,2020-09-17,"3,332.86","3,332.86","3,285.27","3,316.57",38.21M,STOXX 50 EU
73,2020-09-18,"3,315.30","3,326.79","3,283.69","3,283.69",137.35M,STOXX 50 EU
72,2020-09-21,"3,277.42","3,277.42","3,150.61","3,160.95",67.33M,STOXX 50 EU
71,2020-09-22,"3,165.72","3,195.18","3,164.13","3,164.13",42.74M,STOXX 50 EU
70,2020-09-23,"3,170.55","3,223.72","3,170.55","3,180.11",40.76M,STOXX 50 EU
69,2020-09-24,"3,166.02","3,181.13","3,143.61","3,159.64",36.73M,STOXX 50 EU
68,2020-09-25,"3,159.28","3,160.56","3,097.67","3,137.06",34.43M,STOXX 50 EU
67,2020-09-28,"3,144.52","3,227.43","3,144.52","3,223.19",33.77M,STOXX 50 EU
66,2020-09-29,"3,222.32","3,224.83","3,197.10","3,214.30",26.38M,STOXX 50 EU
65,2020-09-30,"3,208.91","3,225.94","3,181.03","3,193.61",31.42M,STOXX 50 EU
64,2020-10-01,"3,207.17","3,224.40","3,178.11","3,194.09",31.98M,STOXX 50 EU
63,2020-10-02,"3,180.83","3,190.93","3,147.28","3,190.93",29.22M,STOXX 50 EU
62,2020-10-05,"3,200.49","3,224.35","3,199.63","3,220.22",27.97M,STOXX 50 EU
61,2020-10-06,"3,223.64","3,251.11","3,201.98","3,233.30",34.42M,STOXX 50 EU
60,2020-10-07,"3,229.93","3,245.62","3,219.33","3,233.43",30.80M,STOXX 50 EU
59,2020-10-08,"3,239.95","3,270.27","3,234.48","3,255.76",31.56M,STOXX 50 EU
58,2020-10-09,"3,256.86","3,276.36","3,254.13","3,273.12",28.06M,STOXX 50 EU
57,2020-10-12,"3,276.50","3,305.77","3,272.50","3,298.12",24.55M,STOXX 50 EU
56,2020-10-13,"3,298.63","3,298.63","3,264.74","3,279.19",27.90M,STOXX 50 EU
55,2020-10-14,"3,279.20","3,287.84","3,264.61","3,273.28",24.14M,STOXX 50 EU
54,2020-10-15,"3,269.87","3,269.87","3,174.64","3,192.69",40.92M,STOXX 50 EU
53,2020-10-16,"3,197.29","3,258.93","3,197.29","3,245.47",38.10M,STOXX 50 EU
52,2020-10-19,"3,250.13","3,282.55","3,226.44","3,242.51",21.11M,STOXX 50 EU
51,2020-10-20,"3,239.75","3,250.97","3,223.79","3,227.87",30.35M,STOXX 50 EU
50,2020-10-21,"3,232.63","3,238.07","3,176.95","3,180.70",30.46M,STOXX 50 EU
49,2020-10-22,"3,180.96","3,185.03","3,135.48","3,171.41",28.35M,STOXX 50 EU
48,2020-10-23,"3,167.96","3,217.96","3,162.37","3,198.86",28.51M,STOXX 50 EU
47,2020-10-26,"3,181.95","3,181.95","3,103.79","3,105.25",30.26M,STOXX 50 EU
46,2020-10-27,"3,109.08","3,112.32","3,065.65","3,070.60",40.13M,STOXX 50 EU
45,2020-10-28,"3,058.86","3,058.86","2,932.95","2,963.54",59.92M,STOXX 50 EU
44,2020-10-29,"2,961.49","2,985.50","2,920.87","2,960.03",55.41M,STOXX 50 EU
43,2020-10-30,"2,950.28","2,972.45","2,928.56","2,958.21",45.70M,STOXX 50 EU
42,2020-11-02,"2,969.37","3,029.85","2,953.92","3,019.54",38.69M,STOXX 50 EU
41,2020-11-03,"3,030.89","3,101.04","3,030.89","3,098.72",45.46M,STOXX 50 EU
40,2020-11-04,"3,083.79","3,164.56","3,043.19","3,161.07",52.14M,STOXX 50 EU
39,2020-11-05,"3,167.78","3,222.51","3,167.78","3,215.56",46.05M,STOXX 50 EU
38,2020-11-06,"3,210.37","3,224.49","3,168.97","3,204.05",38.53M,STOXX 50 EU
37,2020-11-09,"3,217.40","3,442.12","3,217.40","3,407.91",106.01M,STOXX 50 EU
36,2020-11-10,"3,405.49","3,460.08","3,396.40","3,442.62",98.23M,STOXX 50 EU
35,2020-11-11,"3,444.57","3,473.82","3,433.26","3,467.30",51.67M,STOXX 50 EU
34,2020-11-12,"3,453.36","3,457.71","3,421.96","3,428.20",45.82M,STOXX 50 EU
33,2020-11-13,"3,423.63","3,457.59","3,416.18","3,432.07",41.53M,STOXX 50 EU
32,2020-11-16,"3,447.86","3,497.10","3,440.05","3,466.21",55.80M,STOXX 50 EU
31,2020-11-17,"3,461.54","3,471.90","3,442.70","3,468.48",40.48M,STOXX 50 EU
30,2020-11-18,"3,463.97","3,489.31","3,451.89","3,482.17",41.20M,STOXX 50 EU
29,2020-11-19,"3,466.67","3,466.67","3,440.22","3,451.97",38.19M,STOXX 50 EU
28,2020-11-20,"3,447.96","3,484.29","3,442.81","3,467.60",37.87M,STOXX 50 EU
27,2020-11-23,"3,480.59","3,506.24","3,463.04","3,463.04",36.74M,STOXX 50 EU
26,2020-11-24,"3,476.61","3,510.62","3,476.61","3,507.98",52.93M,STOXX 50 EU
25,2020-11-25,"3,513.77","3,520.74","3,494.07","3,511.90",48.98M,STOXX 50 EU
24,2020-11-26,"3,518.67","3,524.08","3,508.70","3,510.94",27.29M,STOXX 50 EU
23,2020-11-27,"3,509.79","3,536.46","3,507.97","3,527.79",44.69M,STOXX 50 EU
22,2020-11-30,"3,518.91","3,538.52","3,492.54","3,492.54",53.48M,STOXX 50 EU
21,2020-12-01,"3,499.28","3,532.91","3,499.28","3,525.24",42.00M,STOXX 50 EU
20,2020-12-02,"3,515.64","3,523.30","3,502.10","3,521.32",41.43M,STOXX 50 EU
19,2020-12-03,"3,520.53","3,523.60","3,502.65","3,517.10",34.86M,STOXX 50 EU
18,2020-12-04,"3,516.18","3,540.69","3,516.18","3,539.27",46.29M,STOXX 50 EU
17,2020-12-07,"3,536.05","3,536.05","3,499.14","3,530.08",32.04M,STOXX 50 EU
16,2020-12-08,"3,522.99","3,531.69","3,503.28","3,525.87",25.58M,STOXX 50 EU
15,2020-12-09,"3,532.04","3,557.39","3,527.42","3,529.02",31.81M,STOXX 50 EU
14,2020-12-10,"3,529.04","3,541.24","3,498.96","3,522.31",38.43M,STOXX 50 EU
13,2020-12-11,"3,515.83","3,515.83","3,461.47","3,485.84",35.37M,STOXX 50 EU
12,2020-12-14,"3,497.84","3,531.95","3,497.84","3,503.96",32.49M,STOXX 50 EU
11,2020-12-15,"3,503.38","3,528.83","3,497.47","3,521.50",32.15M,STOXX 50 EU
10,2020-12-16,"3,524.12","3,560.71","3,523.93","3,543.00",38.83M,STOXX 50 EU
9,2020-12-17,"3,550.37","3,573.45","3,550.37","3,560.87",32.52M,STOXX 50 EU
8,2020-12-18,"3,556.15","3,586.44","3,544.77","3,545.74",69.15M,STOXX 50 EU
7,2020-12-21,"3,516.66","3,516.66","3,401.14","3,448.68",50.41M,STOXX 50 EU
6,2020-12-22,"3,455.94","3,503.03","3,455.94","3,497.49",26.35M,STOXX 50 EU
5,2020-12-23,"3,502.43","3,544.55","3,502.43","3,539.26",25.53M,STOXX 50 EU
4,2020-12-24,"3,542.85","3,546.02","3,539.79","3,543.28",18.89M,STOXX 50 EU
3,2020-12-28,"3,554.13","3,583.21","3,554.13","3,575.41",19.60M,STOXX 50 EU
2,2020-12-29,"3,580.45","3,603.17","3,576.76","3,581.37",18.32M,STOXX 50 EU
1,2020-12-30,"3,580.91","3,591.25","3,569.62","3,571.59",16.18M,STOXX 50 EU
0,2020-12-31,"3,565.71","3,571.61","3,552.64","3,552.64",13.07M,STOXX 50 EU
0,2019-09-02,3331.61791015625,3336.1003710937503,3315.3508984375003,3331.4516015625,1295066700,Hang Sang
1,2019-09-03,3321.021640625,3345.6866015625,3314.7542187500003,3318.6204492187503,1149210200,Hang Sang
2,2019-09-04,3337.7708203125003,3465.047421875,3337.7708203125003,3448.0199609375,2688524600,Hang Sang
3,2019-09-05,3446.6717187500003,3470.72044921875,3416.8054882812503,3447.0188085937502,1996619100,Hang Sang
4,2019-09-06,3480.50701171875,3482.8025781250003,3453.21208984375,3469.79876953125,1895344700,Hang Sang
5,2019-09-09,3476.63671875,3485.02171875,3459.25455078125,3468.58205078125,1700948300,Hang Sang
6,2019-09-10,3488.1574609375,3493.2000390625003,3462.48119140625,3468.878359375,1738020300,Hang Sang
7,2019-09-11,3482.78328125,3530.73626953125,3471.73201171875,3530.67787109375,2072246200,Hang Sang
8,2019-09-12,3546.9174609375,3546.9174609375,3505.7425000000003,3521.39201171875,1337046900,Hang Sang
9,2019-09-13,3530.0862695312503,3557.6383984375,3519.690078125,3555.84962890625,1176496300,Hang Sang
10,2019-09-16,3537.67578125,3537.67578125,3506.9191015625,3526.1916015625,2189101500,Hang Sang
11,2019-09-17,3502.584921875,3503.7391796875,3470.26798828125,3482.7312304687503,1850715100,Hang Sang
12,2019-09-18,3488.9958593750002,3495.8508203125,3474.98201171875,3478.0354882812503,1372644100,Hang Sang
13,2019-09-19,3486.6949609375,3486.6949609375,3428.3716796875,3440.9633984375,1330417000,Hang Sang
14,2019-09-20,3449.27451171875,3453.36671875,3433.3533203125003,3436.63708984375,1972985800,Hang Sang
15,2019-09-23,3440.27048828125,3442.7938085937503,3404.18126953125,3408.91205078125,1285452900,Hang Sang
16,2019-09-24,3419.027421875,3430.9574609375,3406.9450390625,3416.53,2089366000,Hang Sang
17,2019-09-25,3401.152421875,3404.77287109375,3369.298359375,3372.89544921875,1762622300,Hang Sang
18,2019-09-26,3389.76955078125,3392.95328125,3369.2854101562502,3385.450859375,1700238600,Hang Sang
19,2019-09-27,3377.1374609375002,3382.269921875,3359.2858203125,3374.12537109375,984279500,Hang Sang
20,2019-09-30,3359.812421875,3401.0208984375,3352.2175781250003,3391.9950390625,1343934800,Hang Sang
21,2019-10-02,3367.1911914062503,3392.04048828125,3351.16869140625,3385.5496289062503,1202153800,Hang Sang
22,2019-10-03,3358.08712890625,3405.07298828125,3355.23119140625,3394.34037109375,1142351000,Hang Sang
23,2019-10-04,3402.03626953125,3402.03626953125,3329.62373046875,3356.73380859375,1137243700,Hang Sang
24,2019-10-08,3360.3349609375,3403.40380859375,3348.995,3366.14205078125,1779110400,Hang Sang
25,2019-10-09,3345.79451171875,3362.6891796875,3335.3658203125,3338.76537109375,1588334500,Hang Sang
26,2019-10-10,3331.324140625,3355.2454101562503,3317.8533984375,3342.030859375,1434231600,Hang Sang
27,2019-10-11,3378.286640625,3431.09126953125,3376.889140625,3420.09712890625,2030977900,Hang Sang
28,2019-10-14,3447.720859375,3462.800859375,3430.2333203125,3447.84044921875,2096251800,Hang Sang
29,2019-10-15,3459.18701171875,3459.18701171875,3436.345859375,3445.510859375,1569211500,Hang Sang
30,2019-10-16,3452.00705078125,3470.8128710937503,3436.215859375,3466.3563085937503,1689389100,Hang Sang
31,2019-10-17,3485.1750781250003,3504.386640625,3474.8362695312503,3490.30373046875,1403839300,Hang Sang
32,2019-10-18,3498.3716015625,3508.0604101562503,3464.51701171875,3473.54541015625,1541856100,Hang Sang
33,2019-10-21,3472.97869140625,3486.39712890625,3465.581640625,3474.338359375,1045151500,Hang Sang
34,2019-10-22,3485.79537109375,3489.7575781250002,3470.7791015625003,3482.2058984375003,1496851400,Hang Sang
35,2019-10-23,3480.3574609375,3486.46873046875,3443.922421875,3453.6749609375,1270778600,Hang Sang
36,2019-10-24,3464.63380859375,3485.355859375,3456.983359375,3483.7333984375,1496729000,Hang Sang
37,2019-10-25,3483.43328125,3483.43328125,3460.753359375,3466.76078125,1151226200,Hang Sang
38,2019-10-28,3480.11421875,3510.738359375,3479.1508984375,3495.86376953125,1476176200,Hang Sang
39,2019-10-29,3513.5828710937503,3513.5828710937503,3474.77787109375,3482.27876953125,1515348700,Hang Sang
40,2019-10-30,3479.7074609375,3485.23880859375,3458.3833984375,3466.802421875,1554112000,Hang Sang
41,2019-10-31,3472.0983984375002,3511.235,3472.0983984375002,3497.87369140625,1907594000,Hang Sang
42,2019-11-01,3484.83712890625,3523.31458984375,3484.074140625,3523.09876953125,1421451500,Hang Sang
43,2019-11-04,3548.98451171875,3581.1491015625,3548.929921875,3581.1491015625,1777502800,Hang Sang
44,2019-11-05,3588.1429492187503,3605.2991406250003,3570.23291015625,3598.8420507812502,1748633300,Hang Sang
45,2019-11-06,3592.7229101562502,3607.6183203125,3581.2100390625,3599.5232812500003,1316670900,Hang Sang
46,2019-11-07,3599.77794921875,3627.1041015625,3579.5383203125,3620.1399609375003,1353594600,Hang Sang
47,2019-11-08,3626.29287109375,3626.29287109375,3585.6975781250003,3594.6482812500003,1491797400,Hang Sang
48,2019-11-11,3556.9833203125,3556.9833203125,3487.9611914062502,3500.4516015625,1921659900,Hang Sang
49,2019-11-12,3518.3537695312502,3519.9670898437503,3483.29921875,3518.48630859375,1149626200,Hang Sang
50,2019-11-13,3478.9508203125,3478.9508203125,3440.49291015625,3454.289921875,1855002900,Hang Sang
51,2019-11-14,3437.7499609375,3458.774921875,3406.51619140625,3422.07962890625,1554697800,Hang Sang
52,2019-11-15,3448.8933984375003,3450.8045507812503,3419.01041015625,3422.4658203125,1180282700,Hang Sang
53,2019-11-18,3437.51078125,3471.2808203125,3432.8254492187502,3468.5416796875,1425323100,Hang Sang
54,2019-11-19,3467.271640625,3522.1941015625002,3458.73201171875,3522.1941015625002,1542578800,Hang Sang
55,2019-11-20,3501.7825781250003,3505.08208984375,3484.56544921875,3495.6492187500003,1333243700,Hang Sang
56,2019-11-21,3456.3866796875,3456.3866796875,3419.7825390625003,3440.69451171875,1712162300,Hang Sang
57,2019-11-22,3456.0345117187503,3469.72208984375,3443.39708984375,3457.36041015625,1100431900,Hang Sang
58,2019-11-25,3493.5354492187503,3524.84869140625,3490.8757812500003,3509.0950781250003,1497175900,Hang Sang
59,2019-11-26,3533.9070507812503,3539.62298828125,3498.80958984375,3498.80958984375,2416392100,Hang Sang
60,2019-11-27,3502.6575390625003,3506.65630859375,3492.6841015625,3504.02,1133748200,Hang Sang
61,2019-11-28,3479.27201171875,3508.9341015625,3479.27201171875,3496.1849609375,998841900,Hang Sang
62,2019-11-29,3471.6995117187503,3471.6995117187503,3420.05294921875,3425.0437304687503,2004856800,Hang Sang
63,2019-12-02,3441.7941796875,3446.5016015625,3431.1016796875,3437.81369140625,1348911800,Hang Sang
64,2019-12-03,3421.07619140625,3435.13548828125,3388.1925390625,3430.8691015625,1795451800,Hang Sang
65,2019-12-04,3389.28078125,3404.932578125,3379.36955078125,3388.13287109375,1502327900,Hang Sang
66,2019-12-05,3419.0662695312503,3419.0662695312503,3397.42787109375,3408.215078125,1228026600,Hang Sang
67,2019-12-06,3424.8758984375,3447.61041015625,3420.2141796875003,3444.78798828125,1644211100,Hang Sang
68,2019-12-09,3446.8161914062503,3460.3725,3436.1950390625,3444.3149609375,1301819900,Hang Sang
69,2019-12-10,3429.26873046875,3448.5216796875,3426.21880859375,3436.76048828125,956293300,Hang Sang
70,2019-12-11,3433.3116796875,3465.7974609375,3427.375859375,3463.905859375,1409589200,Hang Sang
71,2019-12-12,3488.93212890625,3516.3674609375003,3488.93212890625,3509.23828125,1451721900,Hang Sang
72,2019-12-13,3574.28626953125,3599.40876953125,3562.68376953125,3599.40876953125,2212195500,Hang Sang
73,2019-12-16,3578.965,3603.070859375,3571.531640625,3576.0516796875,1421412600,Hang Sang
74,2019-12-17,3591.9896289062503,3626.31369140625,3583.24712890625,3619.6824218750003,1926224500,Hang Sang
75,2019-12-18,3624.947421875,3624.947421875,3624.947421875,3624.947421875,0,Hang Sang
76,2019-12-19,3628.14130859375,3628.14130859375,3597.78123046875,3614.0637304687502,1296810200,Hang Sang
77,2019-12-20,3618.4916015625,3634.7375390625,3606.2858203125,3623.27544921875,1680024400,Hang Sang
78,2019-12-23,3643.2004882812503,3643.2004882812503,3617.9104101562502,3627.8333203125003,1216834000,Hang Sang
79,2019-12-24,3627.19626953125,3629.767578125,3613.0458203125,3622.3474218750002,483984100,Hang Sang
80,2019-12-27,3644.3758203125003,3669.39421875,3640.08048828125,3669.30458984375,1375016100,Hang Sang
81,2019-12-30,3672.5624609375,3694.42455078125,3661.46701171875,3681.5207812500003,1420447400,Hang Sang
82,2019-12-31,3671.385859375,3678.799921875,3656.10171875,3664.6675,873713900,Hang Sang
83,2020-01-02,3672.41798828125,3710.6575390625003,3671.97619140625,3710.6575390625003,1262732800,Hang Sang
84,2020-01-03,3747.68671875,3754.8291015625,3695.66208984375,3698.695,1797904800,Hang Sang
85,2020-01-06,3682.445,3687.82298828125,3647.057578125,3669.4046289062503,1793426600,Hang Sang
86,2020-01-07,3685.848359375,3701.50041015625,3674.329140625,3681.86787109375,1302687200,Hang Sang
87,2020-01-08,3639.94541015625,3665.8192187500003,3621.5049609375,3651.42958984375,1709241600,Hang Sang
88,2020-01-09,3687.79455078125,3712.9300000000003,3682.36171875,3712.9300000000003,1692786200,Hang Sang
89,2020-01-10,3726.46828125,3726.46828125,3705.5550390625003,3722.9658984375,1448401000,Hang Sang
90,2020-01-13,3740.4079882812503,3766.2820507812503,3727.3391796875003,3764.14212890625,1765055700,Hang Sang
91,2020-01-14,3789.4388085937503,3789.4388085937503,3742.76373046875,3755.06828125,1643504700,Hang Sang
92,2020-01-15,3755.8391406250003,3766.448359375,3720.48294921875,3740.5666796875003,1240120700,Hang Sang
93,2020-01-16,3744.79548828125,3768.4049609375,3732.244140625,3754.795078125,1620926200,Hang Sang
94,2020-01-17,3768.4608203125003,3783.14955078125,3745.70701171875,3777.33458984375,1545082800,Hang Sang
95,2020-01-20,3791.98548828125,3792.7395898437503,3743.4045898437503,3743.4683203125,1633383900,Hang Sang
96,2020-01-21,3698.41951171875,3703.96380859375,3637.465,3638.09291015625,2236521700,Hang Sang
97,2020-01-22,3655.145,3691.210859375,3631.898359375,3684.335078125,1343288100,Hang Sang
98,2020-01-23,3654.2675,3657.2938085937503,3601.8279882812503,3628.18548828125,1753263000,Hang Sang
99,2020-01-24,3631.60458984375,3637.09201171875,3610.685,3633.45328125,612128700,Hang Sang
100,2020-01-29,3523.2000781250003,3553.3291015625,3523.2000781250003,3530.88201171875,2203836100,Hang Sang
101,2020-01-30,3513.97921875,3527.4916015625,3422.9066015625003,3438.3870117187503,2223567800,Hang Sang
102,2020-01-31,3478.48921875,3486.4491796875,3418.41373046875,3420.64201171875,1874255200,Hang Sang
103,2020-02-03,3404.6492187500003,3446.63541015625,3398.9266796875,3426.4074609375,2421482700,Hang Sang
104,2020-02-04,3443.9158203125003,3474.93376953125,3443.9158203125003,3467.8774609375,2500238100,Hang Sang
105,2020-02-05,3493.011640625,3500.39548828125,3463.4495898437503,3482.2762304687503,2498930800,Hang Sang
106,2020-02-06,3532.6888085937503,3589.0686914062503,3513.83373046875,3574.1808984375,2249533900,Hang Sang
107,2020-02-07,3556.31630859375,3563.37541015625,3539.13548828125,3562.5550390625003,1464514700,Hang Sang
108,2020-02-10,3521.97955078125,3550.90328125,3515.83451171875,3541.3741796875,1612017900,Hang Sang
109,2020-02-11,3576.8525,3597.7253710937503,3566.80873046875,3585.90451171875,1868625400,Hang Sang
110,2020-02-12,3603.23869140625,3626.0224609375,3589.92791015625,3617.0758203125,1796561200,Hang Sang
111,2020-02-13,3633.97455078125,3633.97455078125,3600.42794921875,3604.9,1617010200,Hang Sang
112,2020-02-14,3600.8128710937503,3634.8858203125,3600.4266796875,3616.02794921875,1445335900,Hang Sang
113,2020-02-17,3609.672421875,3647.2254101562503,3609.672421875,3634.74794921875,1412999200,Hang Sang
114,2020-02-18,3609.645,3610.2691015625,3574.5125000000003,3578.9258984375,1592221400,Hang Sang
115,2020-02-19,3573.239921875,3600.669921875,3568.31794921875,3595.25537109375,1471538100,Hang Sang
116,2020-02-20,3609.74630859375,3609.74630859375,3559.8070117187503,3589.1908203125,1582073100,Hang Sang
117,2020-02-21,3568.5599218750003,3572.98880859375,3544.42130859375,3550.1453710937503,1773613400,Hang Sang
118,2020-02-24,3523.69544921875,3523.69544921875,3485.71869140625,3486.71451171875,2044657000,Hang Sang
119,2020-02-25,3473.91078125,3498.8266015625,3466.715078125,3496.1199609375003,1924042900,Hang Sang
120,2020-02-26,3470.5437304687503,3470.5437304687503,3470.5437304687503,3470.5437304687503,0,Hang Sang
121,2020-02-27,3448.79208984375,3490.4441406250003,3434.59619140625,3481.2204882812503,2110369700,Hang Sang
122,2020-02-28,3412.37787109375,3420.7616015625,3378.6233203125003,3396.890859375,3191426200,Hang Sang
123,2020-03-02,3390.1049609375,3428.8683203125,3390.1049609375,3417.918359375,2201535600,Hang Sang
124,2020-03-03,3434.48701171875,3448.6075,3410.34078125,3417.0266406250003,2136295000,Hang Sang
125,2020-03-04,3421.80287109375,3428.4224609375,3384.99078125,3408.869140625,1957062400,Hang Sang
126,2020-03-05,3425.2608203125,3484.7254101562503,3420.99671875,3479.82298828125,2522843200,Hang Sang
127,2020-03-06,3431.71130859375,3433.1441015625,3390.9499609375002,3399.06708984375,2646519300,Hang Sang
128,2020-03-09,3267.4225390625,3291.76630859375,3243.28951171875,3255.259921875,4677892400,Hang Sang
129,2020-03-10,3287.138359375,3325.21921875,3247.26619140625,3301.02626953125,3225661100,Hang Sang
130,2020-03-11,3309.794921875,3314.1199609375003,3268.24951171875,3280.1092187500003,2627625600,Hang Sang
131,2020-03-12,3205.49708984375,3205.49708984375,3135.33212890625,3160.179140625,3748928400,Hang Sang
132,2020-03-13,2927.511640625,3143.9824609375,2927.511640625,3124.2783203125,5495155700,Hang Sang
133,2020-03-16,3031.31537109375,3072.09880859375,2969.4925000000003,2998.264140625,4067029300,Hang Sang
134,2020-03-17,2990.2287695312502,3042.1558984375,2947.939921875,3024.2849609375003,3637973700,Hang Sang
135,2020-03-18,2993.0341796875,3045.25380859375,2881.76458984375,2897.936640625,4217153600,Hang Sang
136,2020-03-19,2888.77951171875,2909.4441796875003,2748.1037695312502,2822.18701171875,5628397600,Hang Sang
137,2020-03-20,2879.1541796875,2964.659140625,2879.1541796875,2964.659140625,4528187900,Hang Sang
138,2020-03-23,2820.49701171875,2820.49701171875,2820.49701171875,2820.49701171875,0,Hang Sang
139,2020-03-24,2924.684140625,2957.89126953125,2909.8225,2946.2537304687503,3614066700,Hang Sang
140,2020-03-25,3023.2683203125002,3064.0283984375,2998.0899609375,3058.53462890625,3605374900,Hang Sang
141,2020-03-26,3068.62791015625,3068.62791015625,3011.27708984375,3035.8041796875,2519508100,Hang Sang
142,2020-03-27,3089.8933203125002,3092.8558984375,3036.0212695312503,3052.9563085937502,2199674300,Hang Sang
143,2020-03-30,2992.71044921875,3053.8962695312503,2986.53291015625,3012.76421875,2553435900,Hang Sang
144,2020-03-31,3069.7250390625,3071.57880859375,3020.9450781250002,3068.4524609375003,2876326600,Hang Sang
145,2020-04-01,3037.56705078125,3060.20126953125,2983.19328125,3001.152578125,2879977600,Hang Sang
146,2020-04-02,2969.02708984375,3026.40787109375,2958.29701171875,3026.40787109375,2560937400,Hang Sang
147,2020-04-03,2999.4833984375,3020.69421875,2993.9754101562503,3020.69421875,1870630600,Hang Sang
148,2020-04-06,3062.64791015625,3098.280859375,3025.29119140625,3087.38548828125,1834036600,Hang Sang
149,2020-04-07,3132.0966015625,3154.06126953125,3093.48380859375,3152.9275781250003,2535034600,Hang Sang
150,2020-04-08,3144.871640625,3144.871640625,3106.66205078125,3116.14798828125,1840854100,Hang Sang
151,2020-04-09,3143.5716406250003,3160.12962890625,3125.8733593750003,3159.04291015625,1725334600,Hang Sang
152,2020-04-14,3165.1892187500002,3191.03078125,3156.80701171875,3176.60205078125,2050447800,Hang Sang
153,2020-04-15,3184.9817187500003,3198.46794921875,3131.7650000000003,3138.8941796875,1906625200,Hang Sang
154,2020-04-16,3123.3083984375003,3133.3783203125,3101.122578125,3120.8383984375,1865473400,Hang Sang
155,2020-04-17,3179.5179101562503,3206.66328125,3160.14130859375,3169.4,1937579000,Hang Sang
156,2020-04-20,3185.46287109375,3185.46287109375,3149.3216015625003,3162.9025390625,1375091600,Hang Sang
157,2020-04-21,3152.2191796875,3152.2191796875,3077.89701171875,3093.1616015625,2160661700,Hang Sang
158,2020-04-22,3060.270078125,3112.107578125,3052.8303710937503,3106.13671875,1668362400,Hang Sang
159,2020-04-23,3117.87455078125,3134.02451171875,3094.8191015625002,3117.051640625,1814344800,Hang Sang
160,2020-04-24,3099.7916015625,3114.43208984375,3084.9637304687503,3098.07291015625,1301664900,Hang Sang
161,2020-04-27,3123.9858203125,3161.44537109375,3123.9700781250003,3156.4182812500003,1592713000,Hang Sang
162,2020-04-28,3172.14548828125,3195.7458203125,3142.99451171875,3194.874921875,1687557300,Hang Sang
163,2020-04-29,3222.1825390625,3231.2111914062502,3191.4504882812503,3203.6666796875,1648009000,Hang Sang
164,2020-05-04,3106.36421875,3106.67880859375,3066.0433984375,3069.7941015625,2556774000,Hang Sang
165,2020-05-05,3088.2500390625,3110.6983984375,3080.72451171875,3102.9258203125,1332967300,Hang Sang
166,2020-05-06,3137.8724609375,3137.8724609375,3137.8724609375,3137.8724609375,0,Hang Sang
167,2020-05-07,3135.7053710937503,3135.7053710937503,3108.755,3117.48201171875,1317060000,Hang Sang
168,2020-05-08,3145.13671875,3154.2849609375003,3132.62548828125,3149.92208984375,1274113200,Hang Sang
169,2020-05-11,3181.1233593750003,3219.68791015625,3181.1233593750003,3198.2678710937503,1458200000,Hang Sang
170,2020-05-12,3166.54,3173.435078125,3137.7058984375003,3151.938359375,1479628600,Hang Sang
171,2020-05-13,3134.51708984375,3161.6258984375,3117.31798828125,3143.4391015625,1359038500,Hang Sang
172,2020-05-14,3124.949140625,3130.55462890625,3092.7350390625,3097.86623046875,1697720800,Hang Sang
173,2020-05-15,3098.508359375,3118.06548828125,3077.30921875,3093.6711914062503,1509478600,Hang Sang
174,2020-05-18,3085.76708984375,3113.7666015625,3083.8820898437502,3111.5200390625,1645114700,Hang Sang
175,2020-05-19,3183.6416015625,3191.8316015625,3160.8783984375,3170.45701171875,2022987500,Hang Sang
176,2020-05-20,3180.1770507812503,3186.93298828125,3161.0475,3171.9933984375,1432021300,Hang Sang
177,2020-05-21,3188.7583203125,3188.7583203125,3147.0608203125003,3156.40380859375,1474345000,Hang Sang
178,2020-05-22,3088.3983203125,3088.3983203125,2974.17376953125,2980.9182812500003,3680989100,Hang Sang
179,2020-05-25,2954.3408984375,2985.92455078125,2927.5649609375,2983.79123046875,1769029000,Hang Sang
180,2020-05-26,3015.7841796875,3052.5924609375,3011.51373046875,3040.0058203125,1421148200,Hang Sang
181,2020-05-27,3056.96828125,3056.96828125,3007.49921875,3029.17671875,1837146100,Hang Sang
182,2020-05-28,3016.8775,3048.7313085937503,2961.35048828125,3007.25876953125,2356792600,Hang Sang
183,2020-05-29,2961.5442187500003,3001.6700390625,2961.5442187500003,2984.99119140625,3621412000,Hang Sang
184,2020-06-01,3060.1883203125003,3094.8216406250003,3060.1883203125003,3085.2275390625,2569148800,Hang Sang
185,2020-06-02,3092.99123046875,3119.47212890625,3089.59955078125,3119.47212890625,1813293900,Hang Sang
186,2020-06-03,3159.46287109375,3167.32126953125,3148.594921875,3162.33048828125,2455118300,Hang Sang
187,2020-06-04,3203.6991796875,3203.6991796875,3146.53294921875,3167.6191015625,1888873500,Hang Sang
188,2020-06-05,3170.463359375,3225.32869140625,3152.96287109375,3220.1533203125,2397618300,Hang Sang
189,2020-06-08,3252.3466015625,3252.44130859375,3208.2116015625,3220.9800390625,2123439500,Hang Sang
190,2020-06-09,3237.78126953125,3282.97708984375,3228.9049609375,3257.43869140625,2203396500,Hang Sang
191,2020-06-10,3273.27380859375,3289.49130859375,3245.8791015625,3256.4649609375,1971349200,Hang Sang
192,2020-06-11,3249.7191796875,3257.711640625,3182.41955078125,3182.41955078125,1838958200,Hang Sang
193,2020-06-12,3109.6908984375,3161.30369140625,3106.3538085937503,3159.1795117187503,1824519600,Hang Sang
194,2020-06-15,3118.87951171875,3151.5861914062502,3079.044921875,3091.0033984375,2104538300,Hang Sang
195,2020-06-16,3161.35955078125,3189.5200390625,3159.2925,3164.7316796875,1611589900,Hang Sang
196,2020-06-17,3167.24078125,3189.16126953125,3145.456640625,3182.5833203125003,1278279300,Hang Sang
197,2020-06-18,3170.22037109375,3180.44212890625,3135.84578125,3180.44212890625,1811327100,Hang Sang
198,2020-06-19,3168.53671875,3220.950078125,3163.46671875,3203.70578125,2390285700,Hang Sang
199,2020-06-22,3188.7088085937503,3201.7633984375,3170.85208984375,3186.4741796875,1612294200,Hang Sang
200,2020-06-23,3190.38712890625,3237.9541796875,3144.0345117187503,3237.9541796875,1549053700,Hang Sang
201,2020-06-24,3254.5329882812503,3259.271640625,3220.2233984375002,3221.60541015625,1431913700,Hang Sang
202,2020-06-26,3210.7374609375,3218.35541015625,3189.9100390625,3191.49873046875,1509260100,Hang Sang
203,2020-06-29,3201.59328125,3201.59328125,3139.32048828125,3159.1663085937503,1835855400,Hang Sang
204,2020-06-30,3180.87123046875,3197.81921875,3155.3300390625,3175.53462890625,1892323300,Hang Sang
205,2020-07-02,3193.264140625,3266.14462890625,3193.264140625,3266.14462890625,2746546400,Hang Sang
206,2020-07-03,3291.50630859375,3308.96541015625,3273.73794921875,3298.50548828125,2320568900,Hang Sang
207,2020-07-06,3320.920078125,3438.96921875,3320.60955078125,3424.0908203125,4883381900,Hang Sang
208,2020-07-07,3454.24041015625,3481.7404882812502,3368.5262304687503,3376.8358203125,3913840700,Hang Sang
209,2020-07-08,3390.21921875,3418.9791796875,3360.47130859375,3396.793359375,2582679500,Hang Sang
210,2020-07-09,3425.64701171875,3428.74212890625,3382.1775000000002,3407.3208203125,2452681700,Hang Sang
211,2020-07-10,3371.13130859375,3397.9283203125,3324.14671875,3344.5633203125003,2142150800,Hang Sang
212,2020-07-13,3360.3441015625003,3393.4991796875,3342.9812304687503,3350.37548828125,2127288800,Hang Sang
213,2020-07-14,3336.2108203125,3336.2108203125,3283.061640625,3312.1257812500003,2180279200,Hang Sang
214,2020-07-15,3365.5413085937503,3365.5413085937503,3288.91671875,3312.60541015625,1849317300,Hang Sang
215,2020-07-16,3321.42205078125,3324.94373046875,3239.5933984375,3246.18962890625,1935051700,Hang Sang
216,2020-07-17,3268.46787109375,3284.3161914062503,3251.98630859375,3261.5920898437503,1362500400,Hang Sang
217,2020-07-20,3252.54794921875,3278.87421875,3219.60208984375,3257.53873046875,1650620500,Hang Sang
218,2020-07-21,3305.5178710937503,3332.6358203125,3299.18951171875,3332.6358203125,1752171900,Hang Sang
219,2020-07-22,3324.7825000000003,3351.3558203125003,3257.53212890625,3257.53212890625,2390051200,Hang Sang
220,2020-07-23,3284.19,3284.19,3284.19,3284.19,0,Hang Sang
221,2020-07-24,3255.29876953125,3263.14294921875,3197.799921875,3211.69291015625,3029706400,Hang Sang
222,2020-07-27,3238.294921875,3246.419921875,3188.4983203125003,3198.42376953125,1491211000,Hang Sang
223,2020-07-28,3242.55623046875,3242.55623046875,3203.50544921875,3220.4587695312503,1358418200,Hang Sang
224,2020-07-29,3212.36626953125,3237.70712890625,3207.29626953125,3234.80828125,1080335100,Hang Sang
225,2020-07-30,3247.30123046875,3275.65037109375,3200.0866015625,3212.3766796875,1779681900,Hang Sang
226,2020-07-31,3217.147578125,3242.05044921875,3189.522578125,3197.39544921875,1763233900,Hang Sang
227,2020-08-03,3193.6853710937503,3204.1463085937503,3152.6274609375,3179.55701171875,2012723100,Hang Sang
228,2020-08-04,3206.39794921875,3258.1133203125,3190.12712890625,3243.06201171875,1906615900,Hang Sang
229,2020-08-05,3253.82078125,3271.73869140625,3232.877578125,3263.330078125,1477936300,Hang Sang
230,2020-08-06,3276.18712890625,3276.18712890625,3203.3416796875,3240.9754101562503,1596206100,Hang Sang
231,2020-08-07,3238.21798828125,3238.21798828125,3141.812578125,3189.11048828125,1610164700,Hang Sang
232,2020-08-10,3168.9866406250003,3189.68126953125,3155.4470898437503,3169.065859375,1256444100,Hang Sang
233,2020-08-11,3206.065078125,3254.104140625,3206.065078125,3235.7883593750003,1628363900,Hang Sang
234,2020-08-12,3232.92201171875,3287.9341015625,3209.10712890625,3281.7225390625,1763950100,Hang Sang
235,2020-08-13,3313.7025390625,3313.7025390625,3268.779921875,3279.9870898437503,1761196500,Hang Sang
236,2020-08-14,3259.4183984375,3299.2088085937503,3255.2716015625,3273.7912695312502,1429766800,Hang Sang
237,2020-08-17,3277.59630859375,3326.52708984375,3271.227578125,3295.1541796875,1955689100,Hang Sang
238,2020-08-18,3311.22619140625,3311.22619140625,3283.52451171875,3297.75951171875,1534776000,Hang Sang
239,2020-08-19,3296.67380859375,3299.72626953125,3260.3025000000002,3273.2583203125,1132238600,Hang Sang
240,2020-08-20,3257.19544921875,3257.19544921875,3200.771640625,3222.88078125,1995701500,Hang Sang
241,2020-08-21,3250.9270117187502,3273.242578125,3235.16171875,3264.7991796875003,1210267900,Hang Sang
242,2020-08-24,3295.8625781250003,3321.7054101562503,3292.26955078125,3321.7054101562503,1352263800,Hang Sang
243,2020-08-25,3326.30873046875,3330.74041015625,3295.7937695312503,3313.20869140625,1350837400,Hang Sang
244,2020-08-26,3317.6533203125,3328.41208984375,3296.80380859375,3313.932578125,1319876200,Hang Sang
245,2020-08-27,3311.0700390625,3311.0700390625,3274.23458984375,3286.54955078125,1701268300,Hang Sang
246,2020-08-28,3293.0000390625,3347.42205078125,3283.5608203125003,3304.86787109375,2065272600,Hang Sang
247,2020-08-31,3345.22373046875,3360.12421875,3273.0166015625,3273.0166015625,3195378200,Hang Sang
248,2020-09-01,3261.13708984375,3283.03828125,3249.4083984375,3274.03044921875,1729452000,Hang Sang
249,2020-09-02,3281.18171875,3281.18171875,3241.0520898437503,3265.6116796875003,2349955800,Hang Sang
250,2020-09-03,3253.50873046875,3278.0825390625,3231.09541015625,3250.98794921875,2007341100,Hang Sang
251,2020-09-04,3206.9441015625002,3225.814921875,3183.5232812500003,3210.4083984375,3393745100,Hang Sang
252,2020-09-07,3200.7325390625,3238.077578125,3181.82921875,3196.6545507812502,1682872900,Hang Sang
253,2020-09-08,3222.0837695312503,3222.0837695312503,3164.371640625,3201.1641796875,2074591000,Hang Sang
254,2020-09-09,3158.4045898437503,3187.7195898437503,3147.73671875,3180.960859375,1749348400,Hang Sang
255,2020-09-10,3196.04212890625,3200.02794921875,3158.117421875,3160.7600781250003,1349478000,Hang Sang
256,2020-09-11,3165.84201171875,3194.4458203125,3158.09380859375,3185.43037109375,1306598900,Hang Sang
257,2020-09-14,3193.97380859375,3217.6233984375003,3192.3475390625,3203.23630859375,1091380700,Hang Sang
258,2020-09-15,3200.81455078125,3227.4929882812503,3200.81455078125,3215.25876953125,1733769600,Hang Sang
259,2020-09-16,3227.114921875,3227.88298828125,3202.58123046875,3214.33201171875,1303202100,Hang Sang
260,2020-09-17,3207.9333203125,3212.792578125,3152.6170507812503,3164.31044921875,1630900300,Hang Sang
261,2020-09-18,3169.54701171875,3185.1508203125,3158.35126953125,3179.2033203125,2301812900,Hang Sang
262,2020-09-21,3182.9083203125,3190.5316015625003,3110.6425390625,3113.5896289062503,1602081500,Hang Sang
263,2020-09-22,3099.1570898437503,3108.1062695312503,3077.83048828125,3083.19044921875,1553227700,Hang Sang
264,2020-09-23,3081.14548828125,3093.37462890625,3062.79873046875,3086.52626953125,1642933400,Hang Sang
265,2020-09-24,3059.91791015625,3066.75458984375,3019.29291015625,3030.439140625,1913657500,Hang Sang
266,2020-09-25,3045.3475000000003,3054.38376953125,3006.1525,3020.60458984375,1794075400,Hang Sang
267,2020-09-28,3026.9316796875,3058.09537109375,3022.5441796875,3051.8866015625,1446839400,Hang Sang
268,2020-09-29,3065.99921875,3068.18205078125,3023.39958984375,3025.81880859375,1526746600,Hang Sang
269,2020-09-30,3061.3557812500003,3091.5129882812503,3037.90373046875,3049.6766015625003,1453016000,Hang Sang
270,2020-10-05,3125.12078125,3125.12078125,3077.6875390625,3089.8113085937503,1420427500,Hang Sang
271,2020-10-06,3106.377421875,3120.65380859375,3099.4925000000003,3117.48455078125,1325452200,Hang Sang
272,2020-10-07,3119.972578125,3151.7083203125003,3107.70458984375,3151.57171875,1537076100,Hang Sang
273,2020-10-08,3154.23291015625,3154.23291015625,3122.8508593750003,3145.13544921875,1182030300,Hang Sang
274,2020-10-09,3164.69537109375,3164.69537109375,3127.707578125,3135.48701171875,1358969500,Hang Sang
275,2020-10-12,3148.2425000000003,3211.36537109375,3145.5841015625,3204.4583593750003,2430403500,Hang Sang
276,2020-10-14,3225.15044921875,3225.15044921875,3184.8621289062503,3206.7216796875,2550042800,Hang Sang
277,2020-10-15,3189.3875000000003,3194.5225,3133.2874218750003,3140.610078125,2134202800,Hang Sang
278,2020-10-16,3145.2733203125,3179.40619140625,3145.2733203125,3170.2825781250003,2697525100,Hang Sang
279,2020-10-19,3193.505859375,3220.34044921875,3182.20119140625,3190.49376953125,3605537600,Hang Sang
280,2020-10-20,3194.3132812500003,3198.05078125,3179.3891796875,3194.040078125,1879052000,Hang Sang
281,2020-10-21,3210.420078125,3237.3900000000003,3204.9108203125,3218.07458984375,1929447200,Hang Sang
282,2020-10-22,3210.5203710937503,3226.2112695312503,3192.3516015625,3222.19701171875,2486871200,Hang Sang
283,2020-10-23,3220.50548828125,3246.1766796875,3208.8225,3239.44130859375,2368156700,Hang Sang
284,2020-10-27,3229.19619140625,3233.4275390625003,3198.2742187500003,3222.33462890625,2435164600,Hang Sang
285,2020-10-28,3220.560078125,3229.8225781250003,3196.18787109375,3212.1441015625,2011940400,Hang Sang
286,2020-10-29,3157.70126953125,3208.25705078125,3153.61287109375,3196.25794921875,1936749000,Hang Sang
287,2020-10-30,3189.66705078125,3198.0700781250002,3123.8933984375003,3133.96458984375,2537744200,Hang Sang
288,2020-11-02,3155.72791015625,3183.1825390625,3150.2458203125,3179.80126953125,2355413200,Hang Sang
289,2020-11-03,3209.6428710937503,3256.30880859375,3209.63626953125,3242.1649609375,2244353000,Hang Sang
290,2020-11-04,3222.7000000000003,3262.18369140625,3215.3199609375,3235.19828125,2305561500,Hang Sang
291,2020-11-05,3315.1183203125,3340.4695898437503,3294.64712890625,3340.4695898437503,2617492000,Hang Sang
292,2020-11-06,3347.60130859375,3353.99619140625,3320.3274609375003,3342.68619140625,2370476000,Hang Sang
293,2020-11-09,3400.5100390625003,3402.3899609375003,3373.5533203125,3382.10208984375,2350101500,Hang Sang
294,2020-11-10,3441.625078125,3441.625078125,3385.44298828125,3419.1924609375,3847144100,Hang Sang
295,2020-11-11,3409.4841015625,3436.23287109375,3401.92201171875,3409.5074609375,4120773700,Hang Sang
296,2020-11-12,3433.2141796875003,3439.9221289062502,3389.24955078125,3402.01951171875,2679020500,Hang Sang
297,2020-11-13,3394.89794921875,3400.39171875,3368.193359375,3400.39171875,2435105000,Hang Sang
298,2020-11-16,3427.0691406250003,3431.27205078125,3404.900078125,3429.61708984375,2090236500,Hang Sang
299,2020-11-17,3446.9616796875002,3448.9700781250003,3424.18451171875,3433.9616796875002,2394565600,Hang Sang
300,2020-11-18,3436.45123046875,3460.34126953125,3424.83171875,3450.7575781250002,2292758600,Hang Sang
301,2020-11-19,3439.8792187500003,3439.8792187500003,3420.51328125,3426.40619140625,2413890100,Hang Sang
302,2020-11-20,3432.89298828125,3453.3525,3420.72630859375,3438.700078125,2149354400,Hang Sang
303,2020-11-23,3465.772578125,3466.1458203125003,3428.0141796875,3443.2058984375003,2235155500,Hang Sang
304,2020-11-24,3461.9441796875003,3461.9441796875003,3433.2700390625,3456.4658984375,2014989400,Hang Sang
305,2020-11-25,3486.594921875,3515.2533203125,3456.8691015625,3467.0675,2859974400,Hang Sang
306,2020-11-26,3470.3825,3486.5283984375,3459.56,3486.5283984375,1977652900,Hang Sang
307,2020-11-27,3478.60373046875,3511.18955078125,3471.5979492187503,3496.3083593750002,2733597200,Hang Sang
308,2020-11-30,3490.9407812500003,3504.920859375,3421.948359375,3424.39373046875,5742060100,Hang Sang
309,2020-12-01,3434.9524218750003,3466.0833593750003,3428.78123046875,3453.798359375,3564238900,Hang Sang
310,2020-12-02,3467.1154882812502,3467.1154882812502,3429.3324609375,3449.23541015625,3704087400,Hang Sang
311,2020-12-03,3461.04458984375,3481.65873046875,3452.2825390625003,3474.705,2830413900,Hang Sang
312,2020-12-04,3485.5066796875003,3488.66958984375,3464.8041796875,3488.66958984375,3205350200,Hang Sang
313,2020-12-07,3493.17541015625,3493.17541015625,3413.33205078125,3445.8904492187503,2806021200,Hang Sang
314,2020-12-08,3439.84544921875,3439.84544921875,3415.2183203125,3419.59287109375,2542680300,Hang Sang
315,2020-12-09,3446.35458984375,3466.70212890625,3437.9358203125003,3445.3691796875,2537716200,Hang Sang
316,2020-12-10,3423.5837695312503,3436.48119140625,3417.3125390625,3433.3766796875,2000568900,Hang Sang
317,2020-12-11,3462.447421875,3471.5212695312503,3437.59126953125,3445.7629882812503,2497420400,Hang Sang
318,2020-12-14,3447.87294921875,3450.73548828125,3421.35421875,3430.6375390625003,2210976700,Hang Sang
319,2020-12-15,3434.460859375,3436.685078125,3396.598359375,3406.9475781250003,2587144400,Hang Sang
320,2020-12-16,3434.757421875,3446.32462890625,3421.43623046875,3439.837578125,2043444500,Hang Sang
321,2020-12-17,3459.09712890625,3468.18951171875,3430.7766796875003,3468.18951171875,2262422800,Hang Sang
322,2020-12-18,3464.5637304687502,3466.85294921875,3427.1966015625003,3444.81794921875,3080026700,Hang Sang
323,2020-12-21,3434.94048828125,3444.8245507812503,3415.70455078125,3419.868359375,2044977300,Hang Sang
324,2020-12-22,3413.90130859375,3427.4758984375003,3379.85298828125,3395.5025,1747533900,Hang Sang
325,2020-12-23,3390.80421875,3424.60294921875,3389.32876953125,3424.60294921875,2009461800,Hang Sang
326,2020-12-24,3424.57298828125,3441.15205078125,3408.7691015625,3430.25287109375,1297803000,Hang Sang
327,2020-12-28,3417.48798828125,3446.8304101562503,3414.3616406250003,3420.90201171875,2669629600,Hang Sang
328,2020-12-29,3443.7583984375,3460.44130859375,3436.2783203125,3453.90373046875,2304707300,Hang Sang
329,2020-12-30,3470.36421875,3530.73119140625,3467.22619140625,3529.12421875,2552802900,Hang Sang
330,2020-12-31,3535.3225781250003,3554.32873046875,3531.25626953125,3540.04701171875,2054705300,Hang Sang
